Attrition,MonthlyIncome,OverTime,WorkLifeBalance,JobSatisfaction,EnvironmentSatisfaction,TotalWorkingYears,YearsAtCompany,Department,JobRole,Gender,Attrition_Flag
Yes,5993,Yes,1,4,2,8,6,Sales,Sales Executive,Female,1
No,5130,No,3,2,3,10,10,Research & Development,Research Scientist,Male,0
Yes,2090,Yes,3,3,4,7,0,Research & Development,Laboratory Technician,Male,1
No,2909,Yes,3,3,4,8,8,Research & Development,Research Scientist,Female,0
No,3468,No,3,2,1,6,2,Research & Development,Laboratory Technician,Male,0
No,3068,No,2,4,4,8,7,Research & Development,Laboratory Technician,Male,0
No,2670,Yes,2,1,3,12,1,Research & Development,Laboratory Technician,Female,0
No,2693,No,3,3,4,1,1,Research & Development,Laboratory Technician,Male,0
No,9526,No,3,3,4,10,9,Research & Development,Manufacturing Director,Male,0
No,5237,No,2,3,3,17,7,Research & Development,Healthcare Representative,Male,0
No,2426,No,3,2,1,6,5,Research & Development,Laboratory Technician,Male,0
No,4193,Yes,3,3,4,10,9,Research & Development,Laboratory Technician,Female,0
No,2911,No,2,3,1,5,5,Research & Development,Research Scientist,Male,0
No,2661,No,3,4,2,3,2,Research & Development,Laboratory Technician,Male,0
Yes,2028,Yes,3,3,3,6,4,Research & Development,Laboratory Technician,Male,1
No,9980,No,3,1,2,10,10,Research & Development,Manufacturing Director,Female,0
No,3298,Yes,2,2,1,7,6,Research & Development,Research Scientist,Male,0
No,2935,Yes,2,4,4,1,1,Research & Development,Laboratory Technician,Male,0
No,15427,No,3,4,1,31,25,Sales,Manager,Female,0
No,3944,Yes,3,4,4,6,3,Research & Development,Research Scientist,Male,0
No,4011,No,2,3,1,5,4,Research & Development,Manufacturing Director,Female,0
Yes,3407,No,3,1,3,10,5,Sales,Sales Representative,Male,1
No,11994,No,3,2,1,13,12,Research & Development,Research Director,Female,0
No,1232,No,3,4,3,0,0,Research & Development,Research Scientist,Male,0
Yes,2960,No,3,1,2,8,4,Research & Development,Research Scientist,Male,1
No,19094,No,2,3,3,26,14,Research & Development,Manager,Female,0
Yes,3919,Yes,3,1,2,10,10,Research & Development,Research Scientist,Female,1
No,6825,No,3,2,3,10,9,Sales,Sales Executive,Male,0
No,10248,No,3,4,1,24,22,Research & Development,Healthcare Representative,Female,0
No,18947,No,2,1,2,22,2,Sales,Manager,Female,0
No,2496,No,3,4,3,7,1,Research & Development,Laboratory Technician,Male,0
No,6465,Yes,4,4,4,9,4,Research & Development,Healthcare Representative,Male,0
No,2206,No,3,3,4,10,10,Research & Development,Laboratory Technician,Male,0
Yes,2086,No,4,4,4,19,1,Sales,Sales Representative,Male,1
Yes,2293,Yes,2,4,2,6,2,Research & Development,Research Scientist,Male,1
No,2645,No,2,3,4,6,5,Research & Development,Research Scientist,Female,0
Yes,2683,Yes,3,3,1,3,3,Sales,Sales Representative,Male,1
No,2014,No,3,4,4,2,2,Sales,Sales Representative,Female,0
No,3419,Yes,4,1,2,6,1,Research & Development,Research Scientist,Female,0
No,5376,No,3,1,3,10,5,Sales,Sales Executive,Female,0
No,1951,No,3,4,3,1,1,Research & Development,Laboratory Technician,Male,0
No,2341,No,3,1,4,1,1,Research & Development,Laboratory Technician,Female,0
Yes,2293,No,2,3,1,1,1,Research & Development,Laboratory Technician,Male,1
No,8726,No,3,3,4,9,9,Sales,Sales Executive,Male,0
No,4011,No,3,4,3,12,12,Research & Development,Laboratory Technician,Female,0
Yes,19545,No,3,3,2,23,22,Research & Development,Research Director,Female,1
No,4568,No,3,3,2,10,9,Sales,Sales Executive,Male,0
No,3022,No,3,2,2,8,1,Research & Development,Research Scientist,Male,0
No,5772,Yes,3,4,1,14,9,Sales,Sales Executive,Male,0
No,2269,No,3,4,4,1,1,Research & Development,Laboratory Technician,Male,0
Yes,5381,Yes,3,3,1,23,1,Research & Development,Laboratory Technician,Male,1
Yes,3441,Yes,2,3,3,2,2,Research & Development,Laboratory Technician,Male,1
No,5454,Yes,2,1,2,9,4,Sales,Sales Executive,Female,0
No,9884,Yes,3,1,3,10,4,Research & Development,Healthcare Representative,Male,0
No,4157,Yes,2,4,3,5,2,Sales,Sales Executive,Female,0
No,13458,Yes,3,4,1,15,15,Research & Development,Research Director,Female,0
No,9069,No,2,1,2,9,9,Sales,Sales Executive,Male,0
No,4014,Yes,3,1,3,4,2,Research & Development,Laboratory Technician,Female,0
No,5915,No,2,4,4,10,7,Research & Development,Laboratory Technician,Male,0
No,5993,No,4,3,1,7,7,Research & Development,Manufacturing Director,Male,0
No,6162,Yes,3,4,1,9,9,Research & Development,Manufacturing Director,Male,0
No,2406,No,3,4,4,10,10,Research & Development,Laboratory Technician,Female,0
No,18740,Yes,2,3,2,29,27,Research & Development,Research Director,Female,0
No,7637,No,2,1,1,28,21,Sales,Sales Executive,Female,0
No,10096,No,3,3,3,17,17,Research & Development,Healthcare Representative,Female,0
No,14756,Yes,3,3,4,21,5,Research & Development,Manager,Female,0
No,6499,No,3,2,2,6,6,Research & Development,Manufacturing Director,Male,0
No,9724,No,3,1,2,25,1,Research & Development,Research Scientist,Male,0
No,2194,No,2,1,2,5,3,Research & Development,Research Scientist,Male,0
Yes,3388,Yes,2,3,4,2,1,Research & Development,Research Scientist,Male,1
No,5473,No,2,3,1,20,4,Sales,Sales Executive,Female,0
No,2703,No,3,2,3,6,5,Research & Development,Research Scientist,Male,0
No,2501,No,3,2,3,1,1,Research & Development,Research Scientist,Male,0
No,6220,No,3,2,2,10,10,Research & Development,Research Scientist,Male,0
No,3038,No,3,4,2,5,1,Research & Development,Laboratory Technician,Female,0
No,4424,No,3,4,3,11,11,Research & Development,Manufacturing Director,Female,0
No,4312,No,3,1,3,16,15,Sales,Sales Executive,Male,0
No,13245,Yes,4,1,4,17,0,Research & Development,Research Director,Male,0
No,13664,No,4,3,1,16,5,Research & Development,Research Director,Male,0
No,5021,Yes,3,2,2,16,4,Human Resources,Human Resources,Male,0
No,5126,Yes,2,4,4,10,10,Research & Development,Laboratory Technician,Male,0
No,2859,No,3,3,2,6,6,Research & Development,Research Scientist,Male,0
No,10239,No,3,4,1,24,1,Sales,Sales Executive,Male,0
No,5329,Yes,3,4,2,17,13,Research & Development,Research Scientist,Female,0
No,4325,No,3,2,1,5,5,Research & Development,Manufacturing Director,Male,0
No,7260,No,2,4,4,37,6,Research & Development,Manufacturing Director,Male,0
No,2322,No,3,1,3,3,0,Sales,Sales Representative,Male,0
No,2075,No,3,4,4,10,4,Research & Development,Laboratory Technician,Male,0
No,4152,No,3,4,3,11,11,Research & Development,Healthcare Representative,Male,0
Yes,9619,No,3,4,3,9,9,Sales,Sales Executive,Male,1
No,13503,No,2,2,3,22,22,Research & Development,Healthcare Representative,Male,0
No,5441,Yes,1,4,3,11,10,Sales,Sales Executive,Male,0
No,5209,Yes,2,2,3,11,11,Sales,Sales Executive,Female,0
No,10673,Yes,2,1,3,21,10,Research & Development,Healthcare Representative,Male,0
No,5010,No,3,3,2,12,11,Sales,Sales Executive,Male,0
No,13549,No,1,3,1,16,4,Research & Development,Research Director,Female,0
No,4999,No,2,3,1,4,3,Sales,Sales Executive,Female,0
No,4221,No,4,3,2,5,5,Sales,Sales Executive,Male,0
No,13872,No,2,3,4,38,37,Sales,Sales Executive,Male,0
No,2042,No,4,2,2,17,3,Research & Development,Laboratory Technician,Male,0
Yes,2073,Yes,3,1,3,7,3,Human Resources,Human Resources,Male,1
No,2956,No,3,1,4,1,1,Research & Development,Research Scientist,Male,0
Yes,2926,Yes,3,4,4,1,1,Research & Development,Laboratory Technician,Female,1
No,4809,No,3,3,1,16,16,Research & Development,Research Scientist,Female,0
No,5163,No,4,4,3,17,1,Research & Development,Healthcare Representative,Male,0
No,18844,No,3,4,3,30,3,Human Resources,Manager,Female,0
No,18172,Yes,2,2,1,28,8,Research & Development,Research Director,Female,0
Yes,5744,Yes,3,3,3,6,6,Sales,Sales Executive,Male,1
No,2889,No,3,4,4,2,2,Research & Development,Research Scientist,Male,0
No,2871,No,3,4,2,1,0,Research & Development,Laboratory Technician,Female,0
No,7484,No,2,1,1,23,13,Research & Development,Healthcare Representative,Female,0
Yes,6074,Yes,3,3,1,9,9,Research & Development,Laboratory Technician,Male,1
No,17328,Yes,3,4,4,23,5,Human Resources,Manager,Female,0
No,2774,No,3,3,2,6,5,Research & Development,Laboratory Technician,Male,0
No,4505,No,3,2,3,12,1,Research & Development,Research Scientist,Female,0
No,7428,No,3,4,3,12,5,Sales,Sales Executive,Male,0
No,11631,No,3,1,3,14,11,Research & Development,Manager,Female,0
No,9738,No,3,4,2,10,9,Sales,Sales Executive,Female,0
No,2835,No,3,4,1,7,1,Research & Development,Laboratory Technician,Female,0
No,16959,Yes,4,4,3,25,25,Sales,Manager,Male,0
No,2613,No,2,3,1,10,10,Research & Development,Research Scientist,Male,0
No,6146,No,4,2,3,8,7,Sales,Sales Executive,Male,0
Yes,4963,Yes,3,2,2,7,5,Research & Development,Research Scientist,Female,1
No,19537,No,3,3,1,23,20,Research & Development,Research Director,Male,0
Yes,6172,Yes,2,3,2,12,7,Sales,Sales Executive,Male,1
No,2368,No,2,2,3,5,5,Research & Development,Research Scientist,Female,0
Yes,10312,No,2,4,4,40,40,Research & Development,Healthcare Representative,Female,1
Yes,1675,Yes,2,3,4,0,0,Sales,Sales Representative,Male,1
No,2523,No,3,4,3,3,2,Research & Development,Laboratory Technician,Male,0
No,6567,No,2,1,3,16,15,Research & Development,Manufacturing Director,Female,0
No,4739,No,3,3,2,18,3,Research & Development,Research Scientist,Female,0
No,9208,No,3,4,3,16,2,Sales,Sales Executive,Female,0
Yes,4559,Yes,3,3,2,4,2,Sales,Sales Executive,Female,1
No,8189,Yes,3,3,3,12,9,Sales,Sales Executive,Male,0
No,2942,No,3,3,3,8,8,Human Resources,Human Resources,Female,0
No,4941,No,3,2,2,7,3,Research & Development,Manufacturing Director,Male,0
Yes,10650,No,3,4,1,18,4,Research & Development,Manufacturing Director,Male,1
No,5902,No,4,3,4,17,15,Sales,Sales Executive,Female,0
No,8639,No,3,3,1,6,2,Sales,Sales Executive,Male,0
No,6347,Yes,1,4,3,12,11,Human Resources,Human Resources,Male,0
Yes,4200,No,4,1,1,10,5,Research & Development,Laboratory Technician,Female,1
No,3452,No,2,4,3,9,6,Research & Development,Research Scientist,Male,0
No,4317,Yes,3,3,4,19,3,Research & Development,Research Scientist,Female,0
No,2632,No,2,3,1,5,5,Research & Development,Research Scientist,Female,0
No,4668,No,4,4,4,9,8,Sales,Sales Executive,Male,0
No,3204,No,3,1,4,8,3,Research & Development,Research Scientist,Female,0
No,2720,No,3,4,2,6,5,Research & Development,Laboratory Technician,Male,0
No,17181,No,2,1,4,21,7,Research & Development,Manager,Male,0
No,2238,No,3,1,3,7,5,Research & Development,Laboratory Technician,Male,0
No,1483,No,3,2,2,1,1,Research & Development,Laboratory Technician,Female,0
No,5605,No,3,2,2,20,20,Research & Development,Research Scientist,Female,0
No,7295,No,3,2,3,10,10,Sales,Sales Executive,Male,0
No,2306,Yes,1,3,2,13,7,Sales,Sales Representative,Male,0
No,2348,No,1,2,2,20,17,Research & Development,Laboratory Technician,Male,0
No,8998,No,3,4,2,9,9,Sales,Sales Executive,Female,0
No,4319,No,3,3,4,10,10,Research & Development,Manufacturing Director,Male,0
No,6132,No,3,3,2,10,1,Research & Development,Manufacturing Director,Male,0
No,3346,Yes,2,2,2,9,1,Research & Development,Research Scientist,Female,0
No,10855,No,2,4,3,15,12,Sales,Sales Executive,Male,0
No,2231,No,3,3,3,6,4,Sales,Sales Representative,Female,0
No,2323,No,3,4,3,2,2,Research & Development,Research Scientist,Male,0
No,2024,No,1,2,4,6,2,Research & Development,Research Scientist,Male,0
No,2713,No,1,4,3,5,5,Research & Development,Research Scientist,Male,0
No,9439,Yes,1,4,3,12,5,Research & Development,Healthcare Representative,Male,0
No,2566,Yes,2,3,3,1,1,Research & Development,Research Scientist,Male,0
No,19926,No,3,2,3,21,5,Research & Development,Manager,Female,0
No,2451,No,3,3,1,13,9,Research & Development,Research Scientist,Male,0
No,9419,No,3,4,2,12,10,Sales,Sales Executive,Female,0
No,8686,No,4,4,1,12,8,Sales,Sales Executive,Female,0
No,3038,No,3,3,3,8,5,Research & Development,Research Scientist,Male,0
No,3058,Yes,2,2,3,6,5,Research & Development,Research Scientist,Male,0
Yes,2325,No,4,1,3,1,0,Sales,Sales Representative,Female,1
No,2088,No,2,2,4,13,8,Research & Development,Laboratory Technician,Male,0
No,3072,No,3,1,3,12,12,Research & Development,Laboratory Technician,Male,0
No,5006,Yes,4,1,3,9,5,Sales,Sales Executive,Female,0
No,4257,Yes,3,1,3,19,2,Research & Development,Research Scientist,Female,0
No,2500,No,4,4,3,4,3,Research & Development,Research Scientist,Male,0
Yes,1102,No,2,4,2,1,1,Research & Development,Laboratory Technician,Male,1
No,10453,No,3,1,2,24,24,Sales,Sales Executive,Female,0
No,2288,No,3,4,3,2,2,Research & Development,Laboratory Technician,Female,0
No,3929,Yes,3,4,3,7,4,Research & Development,Research Scientist,Female,0
No,2311,No,3,2,4,9,3,Research & Development,Research Scientist,Female,0
Yes,3140,Yes,2,2,2,4,4,Sales,Sales Representative,Female,1
No,3690,No,2,3,3,5,3,Research & Development,Laboratory Technician,Male,0
No,4450,No,3,1,4,5,4,Research & Development,Manufacturing Director,Female,0
No,2756,No,3,2,4,8,8,Research & Development,Research Scientist,Female,0
No,19033,No,3,3,4,21,20,Research & Development,Manager,Female,0
No,18722,No,3,2,3,36,24,Research & Development,Research Director,Male,0
No,9547,No,2,3,4,10,10,Research & Development,Manufacturing Director,Male,0
No,13734,No,3,2,4,21,7,Research & Development,Healthcare Representative,Female,0
No,19999,No,3,3,3,34,33,Research & Development,Manager,Male,0
No,2279,No,2,2,4,7,7,Research & Development,Research Scientist,Female,0
Yes,5916,Yes,3,3,2,8,1,Research & Development,Manufacturing Director,Male,1
No,2089,No,4,4,4,7,5,Research & Development,Research Scientist,Male,0
No,16792,No,3,4,1,22,20,Research & Development,Manager,Male,0
No,3564,Yes,2,1,2,8,8,Research & Development,Research Scientist,Male,0
No,4425,No,3,2,2,10,6,Research & Development,Laboratory Technician,Female,0
No,5265,No,3,3,3,11,5,Research & Development,Manufacturing Director,Female,0
No,6553,No,3,3,4,14,1,Research & Development,Manufacturing Director,Male,0
No,6261,No,1,4,4,9,7,Research & Development,Manufacturing Director,Male,0
No,4298,No,3,1,3,6,2,Research & Development,Manufacturing Director,Male,0
No,6804,Yes,3,4,4,7,7,Research & Development,Manufacturing Director,Male,0
No,3815,Yes,4,3,4,5,5,Research & Development,Research Scientist,Male,0
No,2741,Yes,4,4,3,15,7,Research & Development,Laboratory Technician,Male,0
Yes,6673,Yes,3,1,2,17,1,Research & Development,Healthcare Representative,Male,1
Yes,7639,No,2,4,2,10,10,Sales,Sales Executive,Female,1
No,2328,Yes,2,2,4,4,4,Research & Development,Research Scientist,Male,0
No,2153,No,3,4,2,8,8,Research & Development,Laboratory Technician,Female,0
No,4876,No,1,4,4,5,3,Research & Development,Healthcare Representative,Male,0
No,9396,No,3,1,4,17,4,Research & Development,Healthcare Representative,Male,0
Yes,10400,No,2,4,4,14,14,Sales,Sales Executive,Male,1
No,8474,No,3,3,3,12,11,Research & Development,Manufacturing Director,Male,0
No,9981,No,3,3,4,7,7,Sales,Sales Executive,Female,0
No,12490,No,1,2,2,16,10,Research & Development,Research Director,Male,0
Yes,2657,Yes,3,1,4,8,5,Research & Development,Research Scientist,Female,1
No,13591,Yes,3,4,4,16,1,Sales,Manager,Female,0
Yes,6696,No,2,1,3,9,6,Sales,Sales Executive,Female,1
Yes,2058,No,2,3,3,7,6,Research & Development,Research Scientist,Male,1
No,8865,No,3,4,4,23,19,Sales,Sales Executive,Female,0
No,5940,No,3,1,4,16,6,Sales,Sales Executive,Female,0
No,5914,No,4,2,4,16,13,Research & Development,Laboratory Technician,Male,0
No,2622,No,3,2,3,7,3,Research & Development,Research Scientist,Female,0
No,12185,Yes,3,4,2,10,10,Research & Development,Research Director,Male,0
No,10609,No,2,3,1,17,16,Sales,Sales Executive,Male,0
No,4345,No,3,3,3,6,5,Research & Development,Manufacturing Director,Male,0
No,2177,No,3,4,3,7,1,Research & Development,Research Scientist,Male,0
No,2793,No,3,4,1,13,9,Sales,Sales Representative,Male,0
No,7918,No,3,4,2,11,11,Sales,Sales Executive,Female,0
No,8789,No,4,3,3,10,10,Sales,Sales Executive,Female,0
Yes,2389,Yes,2,4,3,4,4,Research & Development,Research Scientist,Male,1
No,3212,No,2,4,3,6,2,Research & Development,Laboratory Technician,Female,0
No,19232,No,3,4,3,22,22,Research & Development,Manager,Male,0
No,2267,No,2,3,2,7,2,Human Resources,Human Resources,Male,0
No,19517,No,2,4,4,32,7,Sales,Manager,Female,0
Yes,2436,Yes,1,4,3,8,5,Research & Development,Laboratory Technician,Male,1
No,16064,Yes,3,4,4,22,17,Sales,Manager,Female,0
Yes,2707,No,4,1,1,13,9,Research & Development,Laboratory Technician,Female,1
No,19068,Yes,4,3,1,33,33,Sales,Manager,Male,0
No,3931,No,3,2,3,6,4,Sales,Sales Representative,Female,0
Yes,3730,Yes,1,3,4,4,3,Research & Development,Laboratory Technician,Male,1
No,2232,No,3,3,3,7,3,Research & Development,Laboratory Technician,Female,0
No,4465,No,3,4,3,4,3,Sales,Sales Executive,Male,0
No,3072,No,2,1,3,17,1,Research & Development,Research Scientist,Male,0
No,3319,No,3,4,1,9,9,Research & Development,Research Scientist,Male,0
No,19202,No,3,4,3,25,24,Research & Development,Manager,Male,0
No,13675,No,3,3,2,9,2,Research & Development,Research Director,Male,0
No,2911,No,2,4,3,2,2,Research & Development,Research Scientist,Female,0
No,5957,No,3,1,4,13,11,Research & Development,Manufacturing Director,Male,0
No,3920,No,2,1,3,17,3,Research & Development,Research Scientist,Female,0
No,6434,No,3,3,1,9,3,Research & Development,Manufacturing Director,Male,0
Yes,10048,No,3,3,1,17,1,Research & Development,Manufacturing Director,Male,1
No,10938,No,3,3,3,20,19,Research & Development,Healthcare Representative,Female,0
No,2340,No,3,4,3,6,6,Research & Development,Research Scientist,Male,0
No,6545,Yes,3,1,4,10,3,Research & Development,Research Scientist,Female,0
No,6931,No,3,4,4,10,3,Sales,Sales Executive,Male,0
No,4898,No,3,3,1,5,4,Research & Development,Manufacturing Director,Female,0
No,2593,Yes,3,1,4,10,9,Research & Development,Laboratory Technician,Female,0
No,19436,No,3,3,1,22,21,Research & Development,Research Director,Male,0
No,2723,No,2,4,3,1,1,Research & Development,Research Scientist,Male,0
Yes,3479,No,4,2,3,6,5,Research & Development,Laboratory Technician,Male,1
No,2794,No,1,2,2,5,5,Research & Development,Laboratory Technician,Male,0
No,5249,No,3,4,4,13,8,Sales,Sales Executive,Male,0
No,2176,No,3,1,4,9,6,Research & Development,Laboratory Technician,Male,0
No,16872,Yes,2,2,3,28,7,Sales,Manager,Female,0
Yes,3485,No,1,3,1,5,0,Research & Development,Laboratory Technician,Male,1
No,6644,No,3,2,1,10,0,Sales,Sales Executive,Male,0
No,5582,No,3,4,2,10,9,Research & Development,Healthcare Representative,Male,0
No,4000,No,3,1,2,6,6,Research & Development,Healthcare Representative,Male,0
No,13496,Yes,3,4,3,21,20,Research & Development,Healthcare Representative,Male,0
No,3210,No,3,4,4,16,15,Research & Development,Laboratory Technician,Male,0
No,19045,Yes,3,1,4,37,36,Research & Development,Manager,Male,0
Yes,11849,Yes,2,2,1,10,10,Research & Development,Manager,Male,1
No,2070,No,2,4,4,5,5,Research & Development,Research Scientist,Male,0
No,6502,No,4,4,3,7,5,Sales,Sales Executive,Male,0
No,3230,No,4,3,4,3,3,Research & Development,Research Scientist,Male,0
No,13603,Yes,3,4,1,15,5,Research & Development,Research Director,Female,0
No,11996,No,2,2,2,10,7,Research & Development,Manager,Female,0
No,5605,Yes,3,1,1,8,8,Sales,Sales Executive,Female,0
No,6397,No,1,2,3,6,6,Research & Development,Manufacturing Director,Female,0
No,19144,No,2,2,1,28,10,Research & Development,Research Director,Male,0
No,17584,Yes,2,3,3,21,5,Research & Development,Research Director,Male,0
No,4907,No,3,3,2,20,20,Sales,Sales Executive,Male,0
No,4554,No,2,4,2,10,10,Sales,Sales Executive,Male,0
No,5415,Yes,3,4,2,12,10,Research & Development,Laboratory Technician,Male,0
No,4741,Yes,3,1,1,5,5,Research & Development,Healthcare Representative,Male,0
No,2115,No,3,4,4,17,17,Research & Development,Research Scientist,Female,0
Yes,3161,Yes,1,3,4,19,1,Research & Development,Laboratory Technician,Male,1
No,5745,No,3,4,4,10,2,Research & Development,Healthcare Representative,Male,0
Yes,2373,Yes,3,2,1,5,3,Research & Development,Laboratory Technician,Male,1
No,3310,No,3,4,4,5,5,Research & Development,Research Scientist,Female,0
No,18665,Yes,3,1,3,22,3,Research & Development,Research Director,Female,0
No,4485,No,3,2,3,10,8,Research & Development,Research Scientist,Male,0
No,2789,No,2,2,4,2,2,Sales,Sales Representative,Female,0
Yes,5828,Yes,3,4,4,8,8,Sales,Sales Executive,Male,1
No,2326,Yes,2,4,2,4,4,Research & Development,Research Scientist,Male,0
No,13525,No,4,2,3,23,20,Sales,Sales Executive,Female,0
Yes,1420,No,3,3,3,0,0,Research & Development,Laboratory Technician,Male,1
No,8020,No,2,2,3,12,11,Sales,Sales Executive,Male,0
No,3688,No,3,4,3,4,1,Research & Development,Laboratory Technician,Male,0
No,5482,No,3,2,4,13,4,Research & Development,Manufacturing Director,Male,0
No,16015,No,3,2,4,22,22,Sales,Manager,Male,0
No,1200,No,3,3,4,0,0,Sales,Sales Representative,Female,0
No,5661,No,3,1,2,9,8,Research & Development,Healthcare Representative,Male,0
No,6929,No,2,4,2,10,8,Sales,Sales Executive,Male,0
No,9613,No,2,4,3,19,18,Research & Development,Healthcare Representative,Male,0
No,5674,No,3,2,2,11,9,Research & Development,Laboratory Technician,Female,0
No,5484,No,2,3,4,13,13,Sales,Sales Executive,Male,0
No,12061,No,3,2,1,19,10,Research & Development,Research Director,Female,0
No,5660,Yes,3,3,4,12,5,Research & Development,Healthcare Representative,Male,0
No,4821,Yes,3,4,3,6,5,Research & Development,Research Scientist,Male,0
No,6410,No,3,1,1,9,2,Human Resources,Human Resources,Male,0
No,5210,No,3,1,1,24,24,Research & Development,Laboratory Technician,Male,0
No,2695,Yes,1,4,3,3,2,Research & Development,Research Scientist,Male,0
No,11878,No,3,2,4,12,10,Research & Development,Manager,Female,0
No,17068,Yes,3,1,3,21,21,Research & Development,Manager,Male,0
No,2455,No,3,4,3,9,8,Research & Development,Laboratory Technician,Female,0
No,13964,Yes,3,3,3,25,7,Research & Development,Healthcare Representative,Female,0
Yes,4941,No,2,2,3,11,8,Research & Development,Research Scientist,Male,1
No,2478,Yes,2,2,3,4,4,Research & Development,Research Scientist,Female,0
No,5228,Yes,3,2,3,13,13,Sales,Sales Executive,Female,0
No,4478,Yes,3,3,4,5,5,Sales,Sales Executive,Male,0
No,7547,No,3,4,4,13,7,Sales,Sales Executive,Male,0
No,5055,No,2,4,1,10,7,Research & Development,Research Scientist,Female,0
Yes,3464,Yes,2,4,1,5,3,Research & Development,Research Scientist,Male,1
No,5775,No,3,4,4,11,10,Research & Development,Research Scientist,Female,0
No,8943,No,3,3,3,10,10,Research & Development,Manufacturing Director,Female,0
No,19272,No,3,4,3,21,21,Research & Development,Manager,Male,0
Yes,5238,Yes,2,3,4,12,1,Sales,Sales Executive,Female,1
No,4682,No,2,4,2,9,7,Sales,Sales Executive,Male,0
No,18300,No,3,3,4,21,3,Research & Development,Research Director,Male,0
No,5257,No,4,3,3,9,9,Research & Development,Laboratory Technician,Female,0
No,6349,Yes,3,2,3,6,5,Sales,Sales Executive,Male,0
No,4869,No,2,3,4,20,4,Research & Development,Research Scientist,Female,0
No,9985,No,2,1,3,10,1,Research & Development,Healthcare Representative,Female,0
No,3697,No,3,4,4,12,10,Research & Development,Research Scientist,Male,0
No,7457,Yes,2,4,2,6,4,Sales,Sales Executive,Male,0
Yes,2119,Yes,2,1,2,7,7,Research & Development,Laboratory Technician,Male,1
No,3983,No,3,4,2,4,3,Research & Development,Laboratory Technician,Male,0
No,6118,No,3,3,4,10,10,Sales,Sales Executive,Female,0
No,6214,No,3,2,2,8,8,Sales,Sales Executive,Female,0
No,6347,No,2,4,4,8,6,Research & Development,Manufacturing Director,Male,0
No,11510,Yes,3,4,3,12,11,Research & Development,Research Director,Male,0
No,7143,Yes,2,4,3,11,11,Research & Development,Manufacturing Director,Female,0
No,8268,Yes,3,2,4,7,7,Sales,Sales Executive,Female,0
No,8095,No,3,2,3,17,16,Research & Development,Manufacturing Director,Male,0
No,2904,No,2,4,3,4,4,Research & Development,Research Scientist,Male,0
No,6032,Yes,3,2,4,8,5,Research & Development,Manufacturing Director,Male,0
No,2976,No,3,3,2,5,0,Sales,Sales Representative,Male,0
No,15992,No,3,4,1,16,1,Research & Development,Research Director,Female,0
No,4649,No,2,3,4,4,4,Sales,Sales Executive,Male,0
No,2696,Yes,3,3,3,4,3,Human Resources,Human Resources,Male,0
No,2370,No,3,2,3,8,8,Research & Development,Laboratory Technician,Female,0
No,12504,No,1,3,1,15,0,Sales,Manager,Female,0
No,5974,Yes,3,1,3,13,7,Research & Development,Research Scientist,Male,0
No,4736,Yes,4,3,4,4,2,Sales,Sales Executive,Female,0
No,5296,No,3,3,3,8,8,Sales,Sales Executive,Male,0
No,6781,No,3,4,1,14,1,Research & Development,Healthcare Representative,Male,0
Yes,2174,Yes,3,2,1,3,3,Sales,Sales Representative,Female,1
No,6653,No,3,4,4,7,1,Sales,Sales Executive,Female,0
No,9699,No,3,4,1,16,13,Sales,Sales Executive,Male,0
No,6755,No,3,3,4,15,3,Research & Development,Healthcare Representative,Male,0
No,2213,Yes,3,3,4,10,7,Research & Development,Laboratory Technician,Female,0
No,2610,No,2,4,1,3,3,Sales,Sales Representative,Male,0
Yes,2851,Yes,3,3,4,1,1,Sales,Sales Representative,Female,1
No,3452,No,3,1,3,17,5,Research & Development,Laboratory Technician,Female,0
No,5258,No,4,3,3,7,1,Research & Development,Manufacturing Director,Female,0
Yes,9355,No,3,2,1,8,8,Sales,Sales Executive,Male,1
No,10496,No,3,4,4,20,4,Research & Development,Healthcare Representative,Male,0
Yes,6380,Yes,3,3,3,8,6,Sales,Sales Executive,Male,1
No,2657,Yes,3,2,3,3,2,Research & Development,Research Scientist,Male,0
Yes,2716,No,3,2,3,1,1,Sales,Sales Representative,Female,1
No,2201,No,3,4,4,6,3,Research & Development,Research Scientist,Male,0
No,6540,No,3,2,3,10,1,Research & Development,Healthcare Representative,Male,0
No,3816,No,3,2,4,5,5,Research & Development,Laboratory Technician,Male,0
No,5253,No,3,4,2,7,7,Sales,Sales Executive,Male,0
No,10965,No,3,3,2,26,5,Research & Development,Healthcare Representative,Male,0
No,4936,No,2,4,3,18,7,Sales,Sales Executive,Female,0
No,2543,No,3,3,4,6,2,Research & Development,Research Scientist,Female,0
Yes,5304,Yes,2,4,1,9,5,Sales,Sales Executive,Male,1
No,16659,Yes,3,4,3,30,5,Research & Development,Manager,Female,0
No,4260,Yes,4,3,4,5,5,Sales,Sales Executive,Female,0
No,2476,No,3,2,3,1,1,Sales,Sales Representative,Male,0
Yes,3102,No,3,1,3,7,6,Research & Development,Research Scientist,Male,1
No,2244,No,3,2,1,2,2,Research & Development,Research Scientist,Female,0
No,7596,No,3,3,2,10,10,Sales,Sales Executive,Male,0
Yes,2285,Yes,3,4,3,3,1,Research & Development,Research Scientist,Male,1
No,3034,No,2,1,4,18,18,Research & Development,Laboratory Technician,Female,0
No,5715,No,3,2,4,8,5,Sales,Sales Executive,Female,0
No,2576,No,3,1,2,8,5,Research & Development,Laboratory Technician,Female,0
No,4197,Yes,2,2,3,18,1,Research & Development,Manufacturing Director,Male,0
No,14336,No,3,2,1,25,25,Research & Development,Research Director,Male,0
No,3448,No,3,3,2,20,1,Research & Development,Laboratory Technician,Female,0
No,19406,No,2,1,1,24,4,Research & Development,Research Director,Male,0
No,6538,No,3,3,3,6,3,Sales,Sales Executive,Female,0
No,4306,No,1,1,2,13,13,Research & Development,Manufacturing Director,Female,0
No,2258,No,3,4,4,8,3,Research & Development,Laboratory Technician,Male,0
No,4522,Yes,3,3,3,8,5,Research & Development,Healthcare Representative,Female,0
No,4487,Yes,3,4,2,5,5,Sales,Sales Executive,Female,0
No,4449,Yes,3,3,2,15,13,Research & Development,Research Scientist,Female,0
No,2218,No,3,1,4,4,4,Research & Development,Laboratory Technician,Male,0
No,19197,Yes,3,3,2,21,21,Research & Development,Manager,Male,0
No,13212,No,2,1,3,36,7,Sales,Sales Executive,Female,0
No,6577,No,3,3,2,6,5,Sales,Sales Executive,Female,0
No,8392,No,3,1,2,10,10,Sales,Sales Executive,Male,0
No,4558,No,3,1,3,10,10,Research & Development,Laboratory Technician,Male,0
Yes,4031,No,3,1,1,6,2,Research & Development,Laboratory Technician,Male,1
No,7969,Yes,3,3,4,28,5,Research & Development,Manufacturing Director,Male,0
No,2654,No,2,4,1,8,2,Research & Development,Research Scientist,Male,0
No,16555,No,1,4,4,31,5,Research & Development,Manager,Female,0
No,4556,No,3,3,1,19,5,Research & Development,Research Scientist,Female,0
No,6091,No,3,4,3,11,5,Research & Development,Manufacturing Director,Female,0
No,19566,No,1,1,1,33,29,Research & Development,Manager,Female,0
No,4810,No,2,3,3,19,10,Research & Development,Manufacturing Director,Female,0
No,4523,No,4,4,4,7,6,Research & Development,Healthcare Representative,Female,0
Yes,3202,Yes,3,2,1,6,5,Sales,Sales Representative,Female,1
Yes,2351,No,2,3,4,3,2,Sales,Sales Representative,Female,1
No,1702,Yes,3,4,4,1,1,Research & Development,Laboratory Technician,Male,0
No,18041,No,3,3,3,21,20,Sales,Manager,Female,0
No,2886,No,1,4,1,3,3,Research & Development,Research Scientist,Female,0
No,2097,No,1,4,3,9,5,Research & Development,Laboratory Technician,Male,0
No,11935,No,3,3,2,10,10,Research & Development,Research Director,Male,0
Yes,2546,No,4,2,3,6,2,Research & Development,Research Scientist,Female,1
Yes,2564,No,4,4,1,1,1,Human Resources,Human Resources,Male,1
No,8412,No,3,1,3,10,9,Sales,Sales Executive,Female,0
No,14118,No,2,4,1,32,1,Sales,Manager,Male,0
No,17046,No,3,3,2,28,27,Research & Development,Manager,Male,0
No,2564,No,2,4,3,12,11,Research & Development,Laboratory Technician,Female,0
No,10266,No,4,1,3,22,18,Sales,Sales Executive,Female,0
No,5070,No,3,4,1,20,5,Research & Development,Manufacturing Director,Female,0
No,17861,No,1,3,1,26,3,Research & Development,Research Director,Male,0
No,4230,No,3,3,4,6,5,Research & Development,Laboratory Technician,Male,0
No,3780,No,3,3,3,19,1,Research & Development,Laboratory Technician,Female,0
No,2768,No,3,3,4,14,7,Research & Development,Research Scientist,Male,0
No,9071,Yes,3,4,3,15,3,Sales,Sales Executive,Female,0
No,10648,No,4,2,3,13,13,Research & Development,Manufacturing Director,Male,0
Yes,13610,Yes,4,3,2,15,7,Research & Development,Manager,Male,1
Yes,3408,No,3,4,1,8,4,Research & Development,Laboratory Technician,Male,1
No,2983,No,3,2,4,4,3,Sales,Sales Representative,Male,0
No,7632,Yes,3,3,4,10,8,Research & Development,Healthcare Representative,Male,0
Yes,9824,No,3,3,1,12,1,Research & Development,Healthcare Representative,Male,1
Yes,9950,Yes,3,1,2,11,3,Human Resources,Human Resources,Female,1
No,2093,No,3,3,2,8,2,Research & Development,Laboratory Technician,Male,0
No,9980,No,2,4,2,10,10,Sales,Sales Executive,Male,0
Yes,3894,No,3,3,3,4,2,Research & Development,Laboratory Technician,Male,1
No,4051,No,3,4,2,14,9,Sales,Sales Executive,Female,0
No,16835,No,3,2,1,37,10,Sales,Manager,Female,0
No,6230,No,3,4,4,16,14,Sales,Sales Executive,Male,0
No,4717,No,3,3,2,15,11,Sales,Sales Executive,Male,0
No,13237,No,3,3,2,22,20,Research & Development,Manufacturing Director,Female,0
No,3755,No,3,3,3,8,8,Research & Development,Laboratory Technician,Female,0
No,6582,Yes,4,4,2,10,6,Sales,Sales Executive,Male,0
No,7406,Yes,2,1,4,10,10,Research & Development,Manufacturing Director,Male,0
No,4805,No,4,2,4,9,8,Sales,Sales Executive,Male,0
Yes,2741,Yes,2,3,2,8,7,Human Resources,Human Resources,Female,1
No,4262,No,4,4,4,8,3,Research & Development,Manufacturing Director,Male,0
No,16184,No,3,3,1,10,6,Research & Development,Research Director,Female,0
No,11557,No,2,4,3,10,5,Sales,Manager,Male,0
Yes,1878,Yes,3,2,2,0,0,Sales,Sales Representative,Male,1
No,10932,No,3,1,3,20,1,Sales,Sales Executive,Male,0
No,6811,Yes,3,3,1,10,8,Research & Development,Healthcare Representative,Female,0
No,4306,No,3,3,1,8,0,Sales,Sales Executive,Male,0
No,4859,No,3,3,1,5,5,Sales,Sales Executive,Female,0
No,5337,No,3,4,4,10,10,Sales,Sales Executive,Male,0
Yes,2340,Yes,1,4,3,1,1,Research & Development,Laboratory Technician,Male,1
No,7491,No,4,4,2,12,6,Research & Development,Manufacturing Director,Female,0
No,10527,No,2,3,1,28,2,Research & Development,Healthcare Representative,Female,0
No,16595,No,3,1,2,22,18,Sales,Manager,Female,0
No,8834,No,3,2,1,9,9,Sales,Sales Executive,Male,0
No,5577,Yes,3,1,4,18,10,Research & Development,Research Scientist,Male,0
Yes,4707,No,3,3,4,6,4,Sales,Sales Executive,Male,1
No,2400,No,3,4,4,3,2,Sales,Sales Representative,Male,0
No,9824,No,3,3,3,18,1,Research & Development,Healthcare Representative,Female,0
No,6447,No,2,2,2,8,6,Research & Development,Manufacturing Director,Female,0
No,19502,Yes,3,3,4,31,31,Research & Development,Research Director,Male,0
No,2725,Yes,3,4,2,6,6,Research & Development,Research Scientist,Male,0
No,6272,No,4,2,1,6,5,Sales,Sales Executive,Male,0
No,2127,No,3,2,4,1,1,Research & Development,Laboratory Technician,Male,0
No,18200,No,3,2,1,32,32,Human Resources,Manager,Male,0
No,2096,No,3,3,2,7,7,Sales,Sales Representative,Male,0
Yes,2886,Yes,3,3,1,6,6,Research & Development,Laboratory Technician,Female,1
Yes,2033,No,4,1,2,1,1,Sales,Sales Representative,Male,1
No,3622,Yes,3,4,2,6,6,Research & Development,Research Scientist,Male,0
Yes,4233,No,1,1,2,9,3,Sales,Sales Executive,Male,1
No,3681,No,3,4,1,9,3,Research & Development,Laboratory Technician,Male,0
No,5460,No,4,4,1,13,7,Sales,Sales Executive,Male,0
No,2187,No,2,3,1,6,5,Research & Development,Research Scientist,Female,0
No,9602,Yes,2,3,4,17,3,Sales,Sales Executive,Male,0
No,2836,No,4,2,4,1,1,Research & Development,Research Scientist,Female,0
No,4089,No,3,4,3,10,10,Research & Development,Healthcare Representative,Female,0
No,16627,Yes,2,4,2,21,1,Research & Development,Research Director,Male,0
No,2619,No,2,1,3,8,0,Research & Development,Research Scientist,Female,0
No,5679,Yes,3,3,4,10,8,Research & Development,Laboratory Technician,Male,0
No,15402,No,1,1,4,21,3,Research & Development,Manager,Female,0
No,5985,No,4,3,1,10,2,Human Resources,Human Resources,Female,0
No,2579,Yes,3,3,3,8,8,Sales,Sales Representative,Female,0
Yes,3041,No,3,1,3,5,4,Sales,Sales Representative,Male,1
No,3447,No,3,3,3,3,3,Sales,Sales Representative,Male,0
No,19513,Yes,4,4,4,26,2,Research & Development,Manager,Male,0
No,2773,No,3,3,1,3,2,Research & Development,Research Scientist,Male,0
No,7104,No,3,3,3,6,5,Sales,Sales Executive,Male,0
No,6322,Yes,2,4,1,6,6,Research & Development,Research Scientist,Female,0
No,2083,No,3,3,3,1,1,Research & Development,Research Scientist,Female,0
No,8381,No,4,1,4,18,14,Sales,Sales Executive,Female,0
No,2691,No,2,4,2,10,10,Research & Development,Research Scientist,Male,0
Yes,4286,No,3,1,1,5,1,Sales,Sales Executive,Female,1
No,2659,Yes,3,4,3,3,3,Research & Development,Laboratory Technician,Female,0
No,9434,No,3,3,3,10,10,Research & Development,Manufacturing Director,Male,0
No,5561,No,2,3,2,6,6,Sales,Sales Executive,Female,0
No,6646,No,3,4,2,17,17,Research & Development,Research Scientist,Male,0
No,7725,No,1,4,3,15,13,Research & Development,Healthcare Representative,Male,0
No,10725,No,4,2,3,16,9,Human Resources,Human Resources,Male,0
No,8847,Yes,3,2,2,13,3,Research & Development,Manufacturing Director,Male,0
No,2045,No,3,4,1,5,4,Research & Development,Research Scientist,Male,0
Yes,1009,Yes,3,3,4,1,1,Research & Development,Research Scientist,Male,1
Yes,3348,Yes,3,1,1,10,10,Research & Development,Research Scientist,Male,1
No,1281,No,3,3,3,1,1,Research & Development,Laboratory Technician,Male,0
No,2819,No,4,1,1,5,3,Research & Development,Research Scientist,Male,0
No,4851,No,3,2,4,4,3,Sales,Sales Executive,Male,0
No,4028,No,3,4,4,8,7,Sales,Sales Executive,Female,0
No,2720,No,3,4,2,10,10,Research & Development,Research Scientist,Male,0
No,8120,No,3,2,2,12,2,Sales,Sales Executive,Male,0
No,4647,Yes,3,4,4,6,6,Sales,Sales Executive,Female,0
No,4680,No,3,4,4,4,1,Research & Development,Research Scientist,Male,0
No,3221,Yes,3,3,4,20,20,Research & Development,Laboratory Technician,Male,0
No,8621,No,4,2,4,9,8,Research & Development,Healthcare Representative,Female,0
Yes,4577,No,3,3,1,4,2,Sales,Sales Executive,Female,1
No,4553,No,3,3,4,20,20,Research & Development,Healthcare Representative,Female,0
No,5396,No,2,4,4,10,10,Sales,Sales Executive,Male,0
Yes,6796,Yes,3,3,2,18,4,Sales,Sales Executive,Male,1
No,7625,No,2,4,2,10,9,Research & Development,Healthcare Representative,Female,0
No,7412,No,3,1,3,9,9,Research & Development,Manufacturing Director,Female,0
No,11159,No,3,4,3,10,7,Research & Development,Research Director,Female,0
No,4960,No,3,1,4,20,7,Sales,Sales Executive,Male,0
No,10475,Yes,3,1,4,20,18,Sales,Sales Executive,Male,0
No,14814,No,3,3,3,32,5,Research & Development,Research Director,Male,0
No,19141,No,2,4,2,23,21,Human Resources,Manager,Male,0
No,5405,No,3,1,1,10,2,Sales,Sales Executive,Male,0
No,8793,No,2,1,4,9,9,Research & Development,Manufacturing Director,Male,0
No,19189,No,3,3,4,22,22,Human Resources,Manager,Male,0
No,3875,No,3,2,4,4,2,Sales,Sales Representative,Male,0
Yes,2216,Yes,3,2,1,10,7,Research & Development,Research Scientist,Female,1
No,11713,No,3,1,1,10,8,Research & Development,Research Director,Female,0
No,7861,Yes,4,3,3,10,1,Research & Development,Manufacturing Director,Female,0
No,3708,No,3,3,1,9,5,Research & Development,Laboratory Technician,Male,0
No,13770,Yes,2,3,4,28,22,Sales,Sales Executive,Female,0
No,5304,No,2,4,3,10,8,Sales,Sales Executive,Male,0
No,2642,No,3,3,3,1,1,Sales,Sales Representative,Male,0
Yes,2759,Yes,3,3,3,7,2,Research & Development,Research Scientist,Male,1
No,6804,No,3,4,4,7,2,Sales,Sales Executive,Male,0
No,6142,No,3,3,2,10,5,Research & Development,Healthcare Representative,Female,0
No,2500,No,4,1,2,5,4,Research & Development,Laboratory Technician,Male,0
No,6389,No,1,2,3,12,8,Human Resources,Human Resources,Female,0
No,11103,No,2,4,3,30,10,Research & Development,Healthcare Representative,Male,0
No,2342,Yes,2,4,4,5,4,Research & Development,Research Scientist,Female,0
No,6811,No,1,1,4,9,7,Research & Development,Healthcare Representative,Female,0
No,2297,No,3,2,4,2,2,Sales,Sales Representative,Male,0
No,2450,No,3,4,4,19,2,Research & Development,Laboratory Technician,Male,0
No,5093,No,4,1,4,16,1,Research & Development,Healthcare Representative,Female,0
No,5309,No,3,4,1,10,10,Research & Development,Laboratory Technician,Male,0
No,3057,Yes,1,3,4,6,1,Research & Development,Research Scientist,Male,0
No,5121,No,3,1,2,7,0,Research & Development,Manufacturing Director,Female,0
No,16856,No,4,1,3,34,34,Sales,Manager,Male,0
Yes,2686,Yes,2,4,4,10,10,Research & Development,Research Scientist,Male,1
No,6180,No,2,4,3,6,6,Sales,Sales Executive,Female,0
No,6632,No,3,3,2,9,8,Sales,Sales Representative,Male,0
No,3505,No,3,3,1,2,2,Research & Development,Research Scientist,Male,0
Yes,6397,Yes,3,3,2,8,5,Sales,Sales Executive,Female,1
No,6274,No,3,4,4,6,6,Sales,Sales Executive,Male,0
Yes,19859,Yes,3,1,4,24,5,Research & Development,Manager,Male,1
No,7587,No,3,1,1,10,10,Sales,Sales Executive,Male,0
No,4258,No,3,4,4,5,4,Research & Development,Research Scientist,Male,0
No,4364,No,3,4,1,5,2,Research & Development,Laboratory Technician,Female,0
No,4335,No,2,3,2,11,8,Research & Development,Healthcare Representative,Female,0
Yes,5326,No,2,1,4,6,4,Sales,Sales Executive,Male,1
No,3280,No,3,4,2,10,4,Research & Development,Research Scientist,Female,0
No,5485,Yes,3,1,4,9,5,Research & Development,Manufacturing Director,Female,0
No,4342,No,3,4,3,5,4,Sales,Sales Executive,Male,0
No,2782,Yes,2,1,4,6,5,Research & Development,Research Scientist,Female,0
No,5980,Yes,3,1,1,17,15,Research & Development,Manufacturing Director,Female,0
No,4381,No,3,1,3,6,6,Research & Development,Research Scientist,Female,0
No,2572,No,2,4,1,3,3,Sales,Sales Representative,Female,0
No,3833,No,3,3,4,7,2,Research & Development,Laboratory Technician,Male,0
No,4244,No,3,2,3,8,8,Research & Development,Healthcare Representative,Female,0
No,6500,No,3,1,3,6,3,Sales,Sales Executive,Female,0
No,18430,No,2,4,2,24,24,Research & Development,Manager,Male,0
Yes,1601,Yes,3,1,3,1,0,Research & Development,Laboratory Technician,Male,1
No,2694,No,3,2,3,1,1,Research & Development,Laboratory Technician,Male,0
No,3149,No,3,3,4,9,5,Research & Development,Laboratory Technician,Female,0
No,17639,No,3,3,3,30,4,Research & Development,Research Director,Male,0
Yes,2319,Yes,3,1,2,1,1,Research & Development,Laboratory Technician,Female,1
No,11691,No,4,3,3,14,13,Research & Development,Research Director,Male,0
Yes,5324,No,3,1,1,6,3,Sales,Sales Executive,Female,1
No,16752,Yes,2,4,3,26,26,Research & Development,Manager,Female,0
No,5228,No,3,2,3,10,9,Research & Development,Manufacturing Director,Female,0
No,2700,No,3,3,3,10,10,Research & Development,Research Scientist,Male,0
Yes,19246,Yes,3,2,4,40,31,Research & Development,Research Director,Male,1
No,2506,No,3,3,4,7,2,Research & Development,Research Scientist,Female,0
No,6062,Yes,3,4,4,8,4,Research & Development,Manufacturing Director,Female,0
Yes,4382,No,2,3,3,5,2,Research & Development,Research Scientist,Male,1
No,2143,No,3,2,3,8,5,Human Resources,Human Resources,Male,0
No,6162,No,3,3,3,14,14,Research & Development,Manufacturing Director,Female,0
No,5094,No,3,3,1,10,1,Research & Development,Laboratory Technician,Male,0
No,6877,Yes,2,4,3,12,0,Research & Development,Manufacturing Director,Female,0
No,2274,No,3,3,2,1,1,Research & Development,Research Scientist,Female,0
No,4434,No,2,2,2,10,9,Research & Development,Manufacturing Director,Male,0
No,6288,No,2,1,1,13,4,Research & Development,Healthcare Representative,Male,0
No,2553,No,3,4,3,6,5,Research & Development,Research Scientist,Female,0
Yes,7654,No,4,4,3,9,9,Sales,Sales Executive,Female,1
Yes,5160,No,2,4,3,12,9,Sales,Sales Executive,Male,1
No,17159,No,3,1,2,22,4,Research & Development,Research Director,Male,0
No,12808,Yes,3,4,3,9,9,Research & Development,Research Director,Male,0
No,10221,No,4,3,3,17,8,Research & Development,Manufacturing Director,Male,0
No,4779,Yes,3,2,2,8,8,Sales,Sales Executive,Female,0
No,3737,No,1,4,3,4,3,Human Resources,Human Resources,Male,0
Yes,2366,Yes,3,3,3,8,8,Research & Development,Research Scientist,Female,1
No,1706,No,2,4,4,0,0,Research & Development,Research Scientist,Male,0
No,16307,No,2,3,1,29,20,Sales,Manager,Female,0
No,5933,No,2,2,4,10,5,Research & Development,Healthcare Representative,Male,0
No,3424,No,2,1,1,6,4,Research & Development,Research Scientist,Male,0
No,4037,No,3,1,1,9,9,Sales,Sales Executive,Male,0
No,2559,No,2,1,3,6,6,Research & Development,Research Scientist,Female,0
No,6201,Yes,2,4,2,18,18,Sales,Sales Executive,Male,0
No,4403,No,2,4,2,8,5,Sales,Sales Executive,Male,0
No,3761,No,2,4,2,10,5,Research & Development,Research Scientist,Male,0
No,10934,Yes,3,4,1,35,5,Sales,Sales Executive,Female,0
No,10761,Yes,3,1,4,18,5,Sales,Sales Executive,Male,0
No,5175,No,2,3,3,9,5,Research & Development,Research Scientist,Female,0
No,13826,No,3,4,3,31,9,Research & Development,Manufacturing Director,Female,0
No,6334,No,3,3,4,9,1,Sales,Sales Executive,Male,0
No,4936,No,3,4,2,6,5,Human Resources,Human Resources,Male,0
No,4775,No,1,4,4,4,2,Research & Development,Manufacturing Director,Male,0
No,2818,Yes,2,4,1,10,3,Research & Development,Laboratory Technician,Male,0
No,2515,Yes,3,4,2,8,2,Research & Development,Research Scientist,Male,0
No,2342,No,3,1,1,6,5,Human Resources,Human Resources,Male,0
No,4194,Yes,3,1,3,5,5,Sales,Sales Executive,Male,0
No,10685,Yes,3,3,4,17,17,Research & Development,Manufacturing Director,Female,0
Yes,2022,Yes,2,2,4,10,10,Research & Development,Research Scientist,Female,1
No,2314,No,3,4,4,4,3,Research & Development,Laboratory Technician,Male,0
No,4256,No,4,1,3,5,5,Sales,Sales Executive,Male,0
No,3580,No,3,1,3,7,4,Research & Development,Research Scientist,Female,0
No,3162,No,2,4,1,6,5,Research & Development,Laboratory Technician,Male,0
No,6524,No,3,2,2,10,10,Sales,Sales Executive,Male,0
No,2899,No,3,2,2,3,2,Sales,Sales Representative,Male,0
No,5231,Yes,2,4,3,17,5,Research & Development,Laboratory Technician,Female,0
No,2356,Yes,3,4,4,8,6,Research & Development,Research Scientist,Male,0
Yes,2800,Yes,3,3,2,5,3,Sales,Sales Representative,Female,1
No,11836,No,3,4,1,28,2,Sales,Sales Executive,Male,0
No,10903,No,3,2,4,16,13,Research & Development,Manufacturing Director,Male,0
No,2973,No,3,4,3,10,5,Sales,Sales Representative,Female,0
No,14275,No,3,4,4,33,12,Research & Development,Research Director,Female,0
No,5562,No,2,4,4,12,5,Research & Development,Healthcare Representative,Female,0
No,4537,Yes,3,4,3,8,7,Sales,Sales Executive,Female,0
No,7642,Yes,3,2,1,10,10,Sales,Sales Executive,Male,0
No,17924,No,3,1,1,31,31,Research & Development,Manager,Male,0
No,5204,No,3,4,4,13,5,Human Resources,Human Resources,Female,0
No,2277,Yes,4,2,4,7,4,Human Resources,Human Resources,Male,0
Yes,2795,Yes,1,4,1,1,1,Research & Development,Laboratory Technician,Male,1
No,2532,No,3,4,1,8,4,Research & Development,Laboratory Technician,Female,0
No,2559,Yes,3,1,2,8,8,Research & Development,Research Scientist,Male,0
No,4908,No,3,4,1,4,4,Sales,Sales Executive,Male,0
Yes,2380,Yes,2,4,4,3,1,Research & Development,Laboratory Technician,Male,1
No,4765,No,4,2,1,4,1,Research & Development,Manufacturing Director,Female,0
Yes,2044,No,2,3,3,2,2,Sales,Sales Representative,Female,1
Yes,2693,No,2,4,4,1,1,Research & Development,Research Scientist,Female,1
No,6586,Yes,2,4,3,17,16,Research & Development,Healthcare Representative,Male,0
No,3294,Yes,2,4,4,3,3,Sales,Sales Representative,Female,0
Yes,4171,Yes,4,3,2,4,3,Research & Development,Manufacturing Director,Female,1
Yes,2778,Yes,2,4,2,10,7,Research & Development,Laboratory Technician,Female,1
No,2377,No,3,3,3,6,2,Research & Development,Research Scientist,Female,0
Yes,2404,Yes,1,1,4,8,2,Research & Development,Laboratory Technician,Male,1
No,2318,No,3,3,2,1,1,Research & Development,Research Scientist,Female,0
No,2008,No,3,2,2,1,1,Research & Development,Laboratory Technician,Male,0
No,6244,No,3,3,3,10,5,Sales,Sales Executive,Female,0
No,2799,Yes,3,1,3,6,3,Research & Development,Research Scientist,Male,0
No,10552,Yes,3,2,3,24,6,Research & Development,Healthcare Representative,Female,0
No,2329,No,4,3,2,13,7,Sales,Sales Representative,Male,0
No,4014,Yes,1,4,4,10,10,Research & Development,Healthcare Representative,Female,0
No,7403,No,2,2,1,29,26,Research & Development,Laboratory Technician,Female,0
No,2259,No,2,3,4,13,0,Research & Development,Research Scientist,Male,0
No,6932,No,2,3,4,9,9,Sales,Sales Executive,Female,0
No,4678,No,3,4,2,8,6,Research & Development,Research Scientist,Male,0
No,13582,No,3,1,4,15,15,Research & Development,Research Director,Female,0
No,2332,No,3,2,3,5,3,Research & Development,Laboratory Technician,Female,0
Yes,2413,Yes,3,2,3,1,1,Sales,Sales Representative,Male,1
No,9705,No,2,2,1,11,1,Sales,Sales Executive,Male,0
No,4294,No,3,1,3,7,7,Sales,Sales Executive,Male,0
No,4721,Yes,3,1,4,20,18,Research & Development,Laboratory Technician,Male,0
No,2519,No,3,3,3,16,11,Research & Development,Laboratory Technician,Male,0
Yes,2121,Yes,4,2,4,1,1,Sales,Sales Representative,Male,1
Yes,2973,No,3,1,1,1,1,Research & Development,Laboratory Technician,Male,1
No,5855,Yes,1,4,4,10,9,Research & Development,Healthcare Representative,Female,0
No,3617,Yes,3,2,4,3,1,Research & Development,Research Scientist,Male,0
No,6725,No,4,1,3,8,8,Research & Development,Manufacturing Director,Female,0
Yes,10325,Yes,3,4,3,16,16,Sales,Sales Executive,Male,1
No,6949,No,3,4,2,6,5,Research & Development,Healthcare Representative,Female,0
Yes,10609,No,1,3,1,17,14,Sales,Sales Executive,Male,1
No,4447,No,2,2,3,9,9,Research & Development,Laboratory Technician,Male,0
No,2157,No,3,4,3,3,3,Sales,Sales Representative,Female,0
No,4601,No,3,3,3,5,5,Sales,Sales Executive,Female,0
No,17099,No,2,4,4,26,9,Research & Development,Manager,Male,0
Yes,2479,No,3,3,4,7,1,Research & Development,Research Scientist,Male,1
No,14852,No,4,3,3,22,17,Sales,Manager,Male,0
No,7264,No,4,3,3,10,8,Sales,Sales Executive,Male,0
No,5666,Yes,3,4,3,6,5,Sales,Sales Executive,Female,0
No,7823,No,3,4,4,12,10,Sales,Sales Executive,Male,0
No,7880,No,3,3,1,9,8,Sales,Sales Executive,Male,0
Yes,13194,Yes,2,2,2,22,1,Sales,Sales Executive,Female,1
No,5067,Yes,4,3,3,20,19,Research & Development,Manufacturing Director,Male,0
No,5079,No,3,4,1,12,7,Sales,Sales Executive,Male,0
Yes,2321,Yes,3,1,3,4,3,Research & Development,Research Scientist,Male,1
No,17444,No,3,3,4,10,10,Sales,Manager,Male,0
Yes,2404,Yes,3,1,4,3,0,Research & Development,Research Scientist,Female,1
No,3452,No,3,4,2,5,3,Research & Development,Research Scientist,Female,0
No,2270,No,3,4,4,8,5,Research & Development,Laboratory Technician,Female,0
No,17399,No,2,4,4,32,5,Research & Development,Research Director,Male,0
No,5488,Yes,3,2,3,6,6,Research & Development,Healthcare Representative,Female,0
No,19419,No,4,3,1,21,18,Research & Development,Research Director,Male,0
No,2811,No,3,2,3,4,2,Research & Development,Laboratory Technician,Female,0
No,3633,Yes,3,1,4,9,9,Research & Development,Laboratory Technician,Male,0
No,4163,Yes,3,4,4,9,9,Sales,Sales Executive,Female,0
Yes,2132,Yes,3,3,1,7,5,Research & Development,Research Scientist,Female,1
No,13973,Yes,3,3,4,22,12,Research & Development,Manufacturing Director,Male,0
No,2684,No,2,3,3,3,2,Research & Development,Research Scientist,Male,0
No,10845,No,3,3,4,13,8,Research & Development,Manufacturing Director,Male,0
No,4377,No,3,3,4,5,4,Research & Development,Manufacturing Director,Female,0
Yes,3743,Yes,1,2,3,5,4,Research & Development,Laboratory Technician,Male,1
No,4148,No,3,1,3,4,4,Research & Development,Manufacturing Director,Female,0
No,1051,No,3,4,2,0,0,Research & Development,Research Scientist,Male,0
No,10739,No,3,3,3,22,10,Research & Development,Manufacturing Director,Female,0
No,10388,Yes,2,3,3,16,16,Research & Development,Healthcare Representative,Female,0
No,11416,Yes,2,1,2,9,8,Research & Development,Research Director,Female,0
Yes,2600,Yes,3,1,4,1,1,Research & Development,Research Scientist,Female,1
Yes,2422,No,3,2,2,4,3,Research & Development,Laboratory Technician,Female,1
No,5472,No,3,4,4,8,8,Research & Development,Manufacturing Director,Male,0
No,2451,No,2,1,2,4,4,Research & Development,Laboratory Technician,Male,0
No,4240,No,3,3,1,19,2,Research & Development,Healthcare Representative,Male,0
No,10999,No,3,3,3,27,15,Research & Development,Healthcare Representative,Male,0
No,5003,No,3,3,4,8,2,Research & Development,Manufacturing Director,Female,0
No,12742,No,3,4,4,21,21,Research & Development,Manufacturing Director,Female,0
No,4227,No,3,4,1,4,3,Research & Development,Manufacturing Director,Female,0
No,3917,No,2,4,2,3,3,Research & Development,Laboratory Technician,Male,0
No,18303,No,4,3,4,21,1,Sales,Manager,Male,0
No,2380,No,3,4,1,8,1,Research & Development,Laboratory Technician,Male,0
No,13726,Yes,3,4,3,30,5,Research & Development,Manufacturing Director,Female,0
Yes,4777,No,1,2,1,15,1,Research & Development,Healthcare Representative,Female,1
No,6385,Yes,3,2,3,17,8,Research & Development,Healthcare Representative,Male,0
No,19973,No,3,3,2,21,21,Research & Development,Research Director,Female,0
No,6861,Yes,3,4,2,19,1,Sales,Sales Executive,Male,0
Yes,4969,No,3,1,2,7,2,Sales,Sales Executive,Male,1
Yes,19845,No,3,4,1,33,32,Sales,Manager,Female,1
No,13320,Yes,3,4,4,23,12,Sales,Sales Executive,Female,0
No,6347,No,3,3,4,19,18,Sales,Sales Executive,Female,0
Yes,2743,No,3,1,3,18,17,Research & Development,Laboratory Technician,Female,1
No,10880,Yes,3,1,4,21,21,Research & Development,Manufacturing Director,Female,0
No,2342,No,2,4,2,3,2,Sales,Sales Representative,Female,0
No,17650,No,4,4,4,26,9,Sales,Manager,Female,0
No,4025,No,3,3,4,10,8,Research & Development,Laboratory Technician,Female,0
No,9725,No,2,4,2,16,15,Sales,Sales Executive,Male,0
No,11904,Yes,1,4,2,14,6,Sales,Manager,Male,0
No,2177,No,3,2,2,6,6,Human Resources,Human Resources,Male,0
No,7525,No,3,2,3,30,15,Sales,Sales Executive,Female,0
Yes,4834,No,2,3,1,9,1,Research & Development,Laboratory Technician,Male,1
Yes,2042,Yes,3,1,1,6,3,Research & Development,Research Scientist,Male,1
No,2220,Yes,3,3,3,1,1,Sales,Sales Representative,Female,0
No,1052,No,3,2,4,1,1,Sales,Sales Representative,Male,0
No,2821,No,3,3,3,8,2,Research & Development,Research Scientist,Male,0
No,19237,Yes,2,3,2,29,8,Research & Development,Research Director,Male,0
No,4107,No,2,2,4,8,4,Research & Development,Healthcare Representative,Female,0
No,8396,No,2,1,3,8,7,Sales,Sales Executive,Male,0
No,2007,No,3,3,1,5,5,Research & Development,Research Scientist,Female,0
No,19627,No,3,4,4,23,2,Research & Development,Research Director,Male,0
No,10686,No,3,3,3,13,9,Sales,Sales Executive,Female,0
No,2942,No,3,3,1,18,5,Research & Development,Research Scientist,Female,0
No,8858,No,2,4,4,15,14,Research & Development,Manufacturing Director,Female,0
No,16756,No,4,1,3,31,9,Research & Development,Manager,Male,0
No,10798,No,3,4,3,18,1,Sales,Sales Executive,Male,0
Yes,2323,Yes,3,4,4,2,2,Sales,Sales Representative,Female,1
Yes,1416,No,2,1,3,1,1,Research & Development,Laboratory Technician,Female,1
No,4615,Yes,3,1,4,19,16,Research & Development,Research Scientist,Female,0
Yes,2461,Yes,4,3,1,18,10,Research & Development,Research Scientist,Male,1
Yes,8722,No,2,1,2,10,10,Research & Development,Healthcare Representative,Male,1
No,3955,No,3,1,1,6,5,Research & Development,Laboratory Technician,Male,0
No,9957,No,2,1,3,7,6,Research & Development,Manufacturing Director,Male,0
No,3376,No,3,3,2,10,10,Research & Development,Research Scientist,Female,0
No,8823,No,2,3,3,20,19,Research & Development,Healthcare Representative,Female,0
No,10322,No,3,4,1,14,11,Research & Development,Healthcare Representative,Male,0
No,4621,No,3,3,1,3,3,Research & Development,Laboratory Technician,Male,0
No,10976,No,3,2,4,23,3,Research & Development,Manufacturing Director,Male,0
No,3660,No,4,3,3,10,8,Research & Development,Research Scientist,Female,0
Yes,10482,No,3,1,2,24,20,Human Resources,Human Resources,Male,1
No,7119,No,3,4,4,9,3,Research & Development,Healthcare Representative,Male,0
Yes,9582,Yes,3,1,4,9,8,Sales,Sales Executive,Male,1
Yes,4508,No,3,3,1,14,13,Research & Development,Research Scientist,Female,1
No,2207,No,2,3,1,4,4,Research & Development,Laboratory Technician,Male,0
No,7756,No,2,4,1,7,6,Research & Development,Healthcare Representative,Male,0
No,6694,Yes,3,4,4,8,1,Sales,Sales Executive,Female,0
Yes,3691,Yes,4,4,4,7,7,Research & Development,Laboratory Technician,Male,1
Yes,2377,No,2,3,1,1,1,Research & Development,Laboratory Technician,Male,1
Yes,2313,Yes,3,2,1,5,2,Research & Development,Research Scientist,Male,1
No,17665,No,3,1,4,23,22,Research & Development,Manager,Male,0
Yes,2596,No,3,2,1,1,1,Research & Development,Laboratory Technician,Male,1
Yes,4728,Yes,3,3,4,5,0,Sales,Sales Executive,Male,1
No,4302,No,3,2,4,4,3,Sales,Sales Executive,Female,0
No,2979,No,3,4,3,6,0,Research & Development,Research Scientist,Male,0
No,16885,No,2,4,1,27,5,Research & Development,Manager,Male,0
No,5593,No,3,3,2,15,15,Sales,Sales Executive,Female,0
No,10445,No,3,2,2,18,8,Research & Development,Healthcare Representative,Male,0
No,8740,Yes,3,3,3,9,8,Sales,Sales Executive,Male,0
No,2514,No,3,4,3,11,7,Research & Development,Research Scientist,Female,0
No,7655,No,2,2,4,10,9,Research & Development,Manufacturing Director,Female,0
No,17465,No,3,3,1,23,12,Sales,Manager,Male,0
No,7351,No,3,2,4,10,1,Sales,Sales Executive,Male,0
No,10820,No,3,1,3,18,8,Research & Development,Manufacturing Director,Female,0
Yes,12169,No,3,4,1,21,18,Research & Development,Healthcare Representative,Male,1
No,19626,No,4,3,3,21,20,Research & Development,Research Director,Male,0
No,2070,Yes,4,2,4,2,2,Research & Development,Research Scientist,Female,0
No,6782,No,2,2,3,9,5,Research & Development,Laboratory Technician,Male,0
No,7779,No,3,4,1,18,11,Research & Development,Manufacturing Director,Male,0
No,2791,No,3,4,3,3,2,Sales,Sales Representative,Male,0
No,3201,No,1,2,1,6,5,Research & Development,Research Scientist,Male,0
No,4968,No,3,4,4,5,5,Sales,Sales Executive,Male,0
No,13120,No,3,2,4,22,9,Sales,Sales Executive,Male,0
No,4033,No,2,3,4,5,3,Research & Development,Manufacturing Director,Male,0
No,3291,No,2,2,4,8,7,Research & Development,Research Scientist,Female,0
No,4272,No,3,4,2,16,1,Research & Development,Laboratory Technician,Male,0
No,5056,Yes,2,4,2,10,10,Research & Development,Manufacturing Director,Male,0
No,2844,No,4,3,3,7,7,Human Resources,Human Resources,Male,0
No,2703,Yes,3,3,3,3,3,Research & Development,Research Scientist,Male,0
Yes,1904,No,3,3,3,0,0,Research & Development,Laboratory Technician,Male,1
Yes,8224,Yes,3,1,1,6,5,Sales,Sales Executive,Female,1
No,4766,Yes,3,4,2,6,1,Research & Development,Laboratory Technician,Male,0
Yes,2610,No,2,3,3,2,2,Research & Development,Laboratory Technician,Male,1
No,5731,No,3,4,3,9,6,Research & Development,Healthcare Representative,Female,0
No,2539,No,3,3,4,4,4,Research & Development,Research Scientist,Male,0
No,5714,No,2,3,2,6,6,Sales,Sales Executive,Female,0
No,4323,No,1,3,3,6,5,Human Resources,Human Resources,Male,0
Yes,7336,No,1,1,4,11,11,Sales,Sales Executive,Female,1
No,13499,No,2,3,2,20,18,Research & Development,Research Director,Female,0
Yes,13758,Yes,2,1,3,22,21,Sales,Sales Executive,Male,1
No,5155,No,4,1,2,9,6,Sales,Sales Executive,Male,0
No,2258,No,3,3,4,10,8,Research & Development,Laboratory Technician,Male,0
No,3597,No,3,2,4,6,4,Research & Development,Laboratory Technician,Male,0
Yes,2515,Yes,2,4,3,1,1,Research & Development,Laboratory Technician,Female,1
No,4420,No,3,4,1,8,8,Research & Development,Laboratory Technician,Male,0
No,6578,No,3,3,3,10,10,Sales,Sales Executive,Male,0
No,4422,Yes,1,4,3,16,1,Research & Development,Research Scientist,Female,0
No,10274,No,4,2,3,15,7,Research & Development,Manufacturing Director,Male,0
No,5343,No,3,1,4,14,13,Research & Development,Healthcare Representative,Male,0
No,2376,No,4,4,4,2,2,Research & Development,Laboratory Technician,Male,0
Yes,5346,No,2,3,1,7,4,Sales,Sales Executive,Female,1
No,2827,No,3,1,3,1,1,Sales,Sales Representative,Female,0
No,19943,No,3,1,4,28,5,Research & Development,Manager,Female,0
No,3131,No,3,4,2,10,10,Research & Development,Laboratory Technician,Female,0
No,2552,No,3,1,3,1,1,Research & Development,Research Scientist,Male,0
No,4477,Yes,2,3,1,7,3,Research & Development,Research Scientist,Female,0
No,6474,No,2,4,4,14,14,Research & Development,Manufacturing Director,Female,0
No,3033,No,2,3,1,2,2,Research & Development,Laboratory Technician,Male,0
Yes,2936,Yes,3,3,3,6,6,Research & Development,Research Scientist,Male,1
No,18606,No,3,3,4,26,7,Research & Development,Manager,Female,0
No,2168,Yes,2,4,2,6,5,Research & Development,Research Scientist,Female,0
Yes,2853,Yes,3,4,3,1,0,Research & Development,Research Scientist,Male,1
No,17048,No,3,1,3,28,26,Sales,Manager,Female,0
No,2290,No,3,3,4,6,0,Research & Development,Research Scientist,Male,0
No,3600,No,3,3,2,5,5,Human Resources,Human Resources,Male,0
Yes,2107,No,1,1,1,5,1,Research & Development,Research Scientist,Male,1
No,4115,No,3,1,3,8,4,Sales,Sales Executive,Male,0
No,4327,No,3,2,2,5,0,Sales,Sales Executive,Male,0
No,17856,No,3,1,4,32,2,Research & Development,Manager,Female,0
No,3196,No,3,1,4,6,6,Research & Development,Laboratory Technician,Male,0
No,19081,No,3,2,4,25,4,Research & Development,Research Director,Male,0
No,8966,Yes,3,1,3,15,7,Sales,Sales Executive,Male,0
Yes,2210,No,1,2,4,1,1,Research & Development,Laboratory Technician,Female,1
No,4539,No,2,3,2,10,10,Sales,Sales Executive,Female,0
No,2741,No,3,3,3,7,7,Research & Development,Laboratory Technician,Male,0
No,3491,No,2,3,3,10,10,Research & Development,Laboratory Technician,Male,0
No,4541,No,3,4,4,20,20,Research & Development,Research Scientist,Male,0
No,2678,No,3,4,3,2,2,Sales,Sales Representative,Male,0
No,7379,No,2,4,4,12,6,Research & Development,Manufacturing Director,Male,0
No,6272,No,4,1,4,10,4,Human Resources,Human Resources,Male,0
No,5220,Yes,3,4,2,12,11,Sales,Sales Executive,Male,0
No,2743,No,3,2,3,2,2,Research & Development,Laboratory Technician,Female,0
No,4998,Yes,3,3,4,10,8,Research & Development,Research Scientist,Female,0
No,10252,Yes,3,1,3,17,7,Research & Development,Manufacturing Director,Female,0
No,2781,No,3,4,1,15,14,Research & Development,Research Scientist,Male,0
No,6852,No,4,2,2,7,5,Sales,Sales Executive,Female,0
No,4950,No,3,4,3,5,4,Sales,Sales Executive,Male,0
No,3579,Yes,3,2,4,12,11,Research & Development,Research Scientist,Male,0
No,13191,Yes,3,1,1,20,1,Research & Development,Research Director,Female,0
No,10377,Yes,2,4,3,16,13,Sales,Sales Executive,Female,0
No,2235,Yes,2,1,1,9,9,Research & Development,Research Scientist,Male,0
No,10502,No,1,3,4,33,5,Research & Development,Manufacturing Director,Female,0
No,2011,No,3,4,1,10,10,Research & Development,Research Scientist,Female,0
Yes,1859,Yes,4,2,1,1,1,Research & Development,Research Scientist,Female,1
No,3760,No,3,4,1,3,3,Research & Development,Research Scientist,Female,0
No,17779,No,3,4,4,36,10,Research & Development,Research Director,Male,0
No,6833,Yes,2,1,3,6,6,Research & Development,Healthcare Representative,Male,0
No,6812,No,3,1,3,10,10,Research & Development,Healthcare Representative,Female,0
No,5171,No,3,4,3,13,6,Sales,Sales Executive,Female,0
No,19740,No,3,4,3,25,8,Research & Development,Research Director,Male,0
No,18711,No,4,3,1,23,1,Research & Development,Manager,Male,0
No,3692,No,2,2,3,12,11,Research & Development,Research Scientist,Male,0
No,2559,No,2,2,4,7,1,Research & Development,Laboratory Technician,Male,0
No,2517,No,3,3,1,5,5,Research & Development,Research Scientist,Male,0
No,6623,Yes,3,4,3,6,6,Research & Development,Healthcare Representative,Male,0
No,18265,No,4,4,4,25,1,Research & Development,Research Director,Male,0
No,16124,No,2,4,4,9,7,Research & Development,Research Director,Female,0
No,2585,No,2,3,3,2,1,Research & Development,Research Scientist,Female,0
No,18213,No,3,2,2,26,22,Sales,Manager,Male,0
No,8380,Yes,3,3,4,10,9,Sales,Sales Executive,Male,0
No,2994,Yes,3,4,2,1,1,Research & Development,Research Scientist,Female,0
No,1223,No,3,3,4,1,1,Research & Development,Research Scientist,Male,0
Yes,1118,Yes,3,4,3,1,1,Sales,Sales Representative,Male,1
No,2875,Yes,2,4,3,8,8,Research & Development,Research Scientist,Male,0
Yes,18824,Yes,3,2,1,26,24,Sales,Manager,Female,1
No,13577,Yes,3,2,4,34,33,Research & Development,Healthcare Representative,Male,0
Yes,2625,No,1,3,1,2,2,Research & Development,Laboratory Technician,Female,1
No,18789,No,3,2,4,26,11,Sales,Manager,Female,0
No,4538,Yes,3,1,3,4,3,Sales,Sales Executive,Female,0
No,19847,Yes,2,2,4,31,29,Sales,Manager,Male,0
No,10512,No,2,4,4,25,9,Research & Development,Manufacturing Director,Male,0
No,4444,No,4,2,3,15,11,Research & Development,Laboratory Technician,Female,0
No,2154,Yes,2,3,4,5,4,Research & Development,Laboratory Technician,Male,0
No,19190,No,2,1,3,26,25,Research & Development,Manager,Male,0
No,4490,No,4,2,3,14,10,Human Resources,Human Resources,Male,0
No,3506,Yes,3,3,3,4,3,Research & Development,Research Scientist,Male,0
No,2372,Yes,3,2,2,18,1,Research & Development,Research Scientist,Female,0
No,10231,No,4,4,4,23,21,Sales,Sales Executive,Female,0
No,5410,Yes,3,2,3,18,16,Research & Development,Manufacturing Director,Female,0
Yes,7978,No,3,4,1,10,10,Research & Development,Healthcare Representative,Female,1
No,3867,Yes,3,4,4,2,2,Research & Development,Laboratory Technician,Male,0
No,2838,No,2,3,2,8,7,Research & Development,Laboratory Technician,Female,0
No,4695,Yes,3,3,3,10,8,Research & Development,Manufacturing Director,Female,0
Yes,3339,Yes,3,3,2,10,7,Research & Development,Laboratory Technician,Female,1
No,2080,No,2,1,4,5,3,Research & Development,Research Scientist,Male,0
No,2096,No,2,2,4,2,2,Research & Development,Research Scientist,Female,0
No,6209,No,4,4,3,10,10,Sales,Sales Executive,Male,0
No,18061,No,3,2,2,22,0,Research & Development,Manager,Female,0
No,17123,Yes,3,2,3,21,19,Research & Development,Manager,Female,0
No,2372,No,3,3,1,2,2,Research & Development,Research Scientist,Male,0
Yes,4883,No,3,3,4,10,10,Research & Development,Laboratory Technician,Male,1
Yes,3904,No,3,1,3,6,5,Research & Development,Research Scientist,Male,1
No,4627,No,3,4,1,10,9,Research & Development,Laboratory Technician,Female,0
No,7094,No,3,3,4,10,7,Research & Development,Healthcare Representative,Female,0
No,3423,No,4,1,4,10,7,Human Resources,Human Resources,Female,0
No,6674,No,3,4,3,10,9,Research & Development,Laboratory Technician,Female,0
No,16880,Yes,3,1,4,25,3,Research & Development,Research Director,Female,0
Yes,9094,Yes,3,2,4,9,5,Sales,Sales Executive,Male,1
Yes,8446,Yes,2,2,2,10,8,Sales,Sales Executive,Male,1
No,11916,Yes,3,1,2,9,9,Research & Development,Manager,Female,0
No,4534,No,3,3,1,9,8,Research & Development,Manufacturing Director,Male,0
No,9852,Yes,2,3,4,10,10,Sales,Sales Executive,Female,0
No,6151,No,3,2,3,19,19,Sales,Sales Executive,Male,0
Yes,2302,Yes,4,2,4,3,3,Sales,Sales Representative,Female,1
Yes,2362,No,4,1,1,10,3,Research & Development,Laboratory Technician,Male,1
No,17861,Yes,2,3,3,21,20,Research & Development,Manager,Male,0
No,19187,No,3,3,4,23,19,Research & Development,Manager,Female,0
No,19717,No,3,2,4,36,7,Human Resources,Manager,Male,0
No,3544,No,3,3,3,6,4,Research & Development,Research Scientist,Male,0
No,8500,No,2,4,4,10,9,Research & Development,Healthcare Representative,Male,0
No,4661,No,3,4,3,9,9,Research & Development,Research Scientist,Male,0
No,4103,No,3,1,3,10,9,Sales,Sales Executive,Female,0
No,4249,Yes,3,3,3,9,9,Research & Development,Research Scientist,Male,0
No,14026,Yes,3,2,3,33,33,Human Resources,Manager,Male,0
No,6893,No,3,1,2,11,7,Sales,Sales Executive,Female,0
No,6125,No,4,1,3,10,10,Sales,Sales Executive,Female,0
No,3669,No,2,4,4,7,3,Research & Development,Laboratory Technician,Male,0
Yes,10008,Yes,2,1,3,31,10,Research & Development,Manufacturing Director,Female,1
No,2387,No,3,2,2,7,4,Research & Development,Laboratory Technician,Male,0
No,4639,No,2,1,1,17,15,Sales,Sales Executive,Female,0
No,7898,No,3,4,4,11,10,Research & Development,Manufacturing Director,Male,0
No,2534,No,3,4,3,5,1,Sales,Sales Representative,Female,0
No,13142,No,2,2,4,29,5,Research & Development,Manufacturing Director,Female,0
No,1611,No,4,4,4,0,0,Research & Development,Laboratory Technician,Female,0
No,5363,No,3,4,4,10,9,Research & Development,Laboratory Technician,Female,0
No,5071,No,3,4,4,8,6,Sales,Sales Executive,Male,0
Yes,13695,Yes,2,3,1,24,19,Sales,Sales Executive,Male,1
No,13402,Yes,3,2,4,33,19,Research & Development,Manufacturing Director,Male,0
No,2029,No,3,3,1,5,5,Research & Development,Research Scientist,Female,0
No,6377,No,3,3,2,15,12,Research & Development,Healthcare Representative,Female,0
No,5429,No,3,3,2,10,8,Research & Development,Laboratory Technician,Male,0
Yes,2785,No,4,4,3,3,1,Sales,Sales Representative,Female,1
Yes,4614,Yes,2,3,4,5,4,Sales,Sales Executive,Female,1
No,2610,No,3,3,4,4,4,Research & Development,Research Scientist,Male,0
No,6687,No,4,4,3,14,14,Research & Development,Healthcare Representative,Female,0
No,4724,No,3,1,3,5,5,Sales,Sales Executive,Male,0
Yes,6179,Yes,2,3,4,10,10,Research & Development,Manufacturing Director,Male,1
No,6120,Yes,4,4,1,8,5,Sales,Sales Executive,Male,0
No,10596,No,3,2,2,14,4,Sales,Sales Executive,Male,0
No,5467,Yes,2,4,4,12,6,Research & Development,Research Scientist,Female,0
No,2996,Yes,3,3,3,8,6,Research & Development,Research Scientist,Male,0
No,9998,No,4,4,2,8,5,Sales,Sales Executive,Male,0
No,4078,Yes,2,2,3,4,3,Sales,Sales Executive,Male,0
No,10920,No,3,3,3,13,6,Research & Development,Healthcare Representative,Male,0
No,6232,No,2,3,1,6,3,Sales,Sales Executive,Male,0
No,13247,Yes,2,3,4,24,5,Research & Development,Manufacturing Director,Female,0
No,4081,Yes,1,3,1,20,20,Research & Development,Research Scientist,Female,0
No,5769,Yes,3,4,4,6,6,Sales,Sales Executive,Female,0
Yes,2394,Yes,3,3,4,8,8,Research & Development,Research Scientist,Female,1
No,3904,No,3,4,1,5,4,Research & Development,Research Scientist,Male,0
No,16799,No,3,1,3,21,20,Human Resources,Manager,Female,0
No,2950,No,1,1,3,12,5,Research & Development,Laboratory Technician,Female,0
No,3629,No,3,3,1,8,3,Research & Development,Laboratory Technician,Female,0
No,9362,No,3,4,3,10,2,Research & Development,Manufacturing Director,Male,0
No,3229,No,2,4,1,7,3,Research & Development,Laboratory Technician,Male,0
No,3578,No,3,1,3,8,7,Research & Development,Laboratory Technician,Male,0
No,7988,No,2,1,2,10,10,Human Resources,Human Resources,Male,0
Yes,4284,No,3,1,1,20,4,Research & Development,Laboratory Technician,Male,1
Yes,7553,Yes,3,4,3,9,8,Research & Development,Healthcare Representative,Female,1
No,17328,No,2,4,4,29,20,Research & Development,Research Director,Female,0
No,19701,Yes,3,1,4,32,9,Research & Development,Research Director,Female,0
No,14732,No,4,4,2,31,7,Research & Development,Research Director,Male,0
No,9278,Yes,3,2,1,15,5,Sales,Sales Executive,Female,0
Yes,1359,No,3,3,2,1,1,Sales,Sales Representative,Female,1
No,4779,No,3,1,4,8,3,Sales,Sales Executive,Female,0
No,16422,No,4,2,1,9,3,Research & Development,Research Director,Female,0
No,2996,No,3,1,4,10,4,Research & Development,Research Scientist,Male,0
Yes,1261,No,4,2,1,1,1,Research & Development,Research Scientist,Female,1
No,2099,No,4,1,2,6,5,Research & Development,Laboratory Technician,Male,0
No,5810,No,2,4,1,10,10,Research & Development,Laboratory Technician,Male,0
No,5647,No,2,1,3,11,3,Sales,Sales Executive,Female,0
No,3420,No,2,4,1,17,6,Research & Development,Research Scientist,Male,0
Yes,4400,No,3,1,1,6,3,Sales,Sales Representative,Male,1
No,3500,No,1,3,3,7,6,Research & Development,Laboratory Technician,Male,0
No,2066,No,4,1,1,5,3,Research & Development,Research Scientist,Female,0
No,17169,No,4,3,1,26,20,Research & Development,Research Director,Female,0
No,4162,Yes,3,3,4,5,5,Sales,Sales Executive,Female,0
No,9204,No,2,4,4,7,4,Sales,Sales Executive,Male,0
No,3294,No,2,2,4,7,5,Research & Development,Laboratory Technician,Female,0
No,2127,Yes,2,3,2,7,4,Research & Development,Research Scientist,Male,0
No,3975,No,4,3,3,11,8,Research & Development,Laboratory Technician,Male,0
No,10793,No,3,4,1,13,13,Sales,Sales Executive,Male,0
Yes,10096,No,4,4,1,28,7,Sales,Sales Executive,Male,1
Yes,3646,Yes,4,1,1,11,1,Research & Development,Laboratory Technician,Female,1
Yes,7446,No,3,2,3,10,10,Research & Development,Manufacturing Director,Female,1
No,10851,Yes,3,1,2,24,7,Research & Development,Healthcare Representative,Male,0
No,2109,No,3,2,4,8,3,Human Resources,Human Resources,Female,0
Yes,3722,Yes,1,4,2,7,2,Research & Development,Laboratory Technician,Male,1
No,9380,Yes,4,4,2,10,3,Research & Development,Manufacturing Director,Male,0
No,5486,No,3,1,3,15,2,Sales,Sales Executive,Male,0
Yes,2742,No,3,3,1,2,2,Human Resources,Human Resources,Female,1
No,13757,No,3,2,4,16,9,Research & Development,Research Director,Male,0
No,8463,No,3,1,4,6,5,Sales,Sales Executive,Male,0
No,3162,No,3,3,3,7,5,Research & Development,Laboratory Technician,Male,0
No,16598,No,2,2,4,35,9,Research & Development,Research Director,Male,0
No,6651,No,2,3,1,20,3,Research & Development,Healthcare Representative,Male,0
No,2345,No,4,3,3,8,3,Research & Development,Research Scientist,Male,0
No,3420,No,2,2,4,6,5,Research & Development,Research Scientist,Male,0
No,4373,No,3,1,4,5,4,Sales,Sales Executive,Male,0
No,4759,No,3,1,4,15,13,Sales,Sales Executive,Male,0
No,5301,No,2,3,4,4,2,Sales,Sales Executive,Male,0
No,3673,No,3,4,1,12,12,Research & Development,Laboratory Technician,Female,0
No,4768,No,2,3,1,11,1,Sales,Sales Executive,Female,0
No,1274,No,2,3,3,1,1,Research & Development,Research Scientist,Male,0
No,4900,No,2,3,2,13,12,Research & Development,Research Scientist,Male,0
No,10466,No,3,2,3,29,8,Research & Development,Healthcare Representative,Male,0
No,17007,No,2,1,2,16,14,Research & Development,Research Director,Male,0
Yes,2909,No,4,3,1,5,3,Sales,Sales Representative,Male,1
Yes,5765,No,1,2,1,7,5,Sales,Sales Executive,Female,1
Yes,4599,Yes,4,2,1,16,15,Sales,Sales Executive,Female,1
No,2404,No,3,3,4,1,1,Sales,Sales Representative,Male,0
Yes,3172,Yes,2,1,2,4,0,Research & Development,Laboratory Technician,Male,1
No,2033,No,3,2,4,1,1,Sales,Sales Representative,Female,0
No,10209,Yes,2,3,2,16,2,Research & Development,Manufacturing Director,Male,0
No,8620,No,3,3,3,10,10,Sales,Sales Executive,Male,0
No,2064,No,4,3,3,6,5,Human Resources,Human Resources,Male,0
No,4035,Yes,3,3,4,4,3,Research & Development,Healthcare Representative,Male,0
No,3838,No,3,2,1,8,5,Research & Development,Laboratory Technician,Female,0
No,4591,Yes,2,3,3,11,5,Sales,Sales Executive,Female,0
Yes,2561,No,2,1,3,8,0,Research & Development,Laboratory Technician,Male,1
No,1563,No,1,3,1,1,1,Research & Development,Research Scientist,Male,0
No,4898,No,3,1,3,5,4,Sales,Sales Executive,Male,0
No,4789,No,3,1,3,10,3,Research & Development,Laboratory Technician,Female,0
No,3180,No,3,2,4,4,3,Research & Development,Laboratory Technician,Female,0
No,6549,No,2,2,3,8,8,Research & Development,Manufacturing Director,Male,0
No,6388,Yes,3,3,4,14,0,Research & Development,Healthcare Representative,Male,0
No,11244,No,4,4,3,10,5,Research & Development,Manager,Male,0
No,16032,No,3,4,2,26,14,Research & Development,Manager,Female,0
Yes,2362,No,1,1,1,11,9,Research & Development,Research Scientist,Male,1
No,16328,No,4,1,4,24,20,Research & Development,Research Director,Male,0
No,8376,No,3,2,2,9,2,Research & Development,Manufacturing Director,Female,0
No,16606,No,4,2,3,23,13,Sales,Manager,Female,0
No,8606,No,1,2,4,11,11,Research & Development,Healthcare Representative,Female,0
No,2272,No,3,3,1,5,4,Research & Development,Laboratory Technician,Male,0
Yes,2018,No,1,1,4,15,5,Research & Development,Laboratory Technician,Male,1
No,7083,Yes,3,3,4,10,10,Sales,Sales Executive,Male,0
Yes,4084,No,1,3,4,7,7,Research & Development,Research Scientist,Female,1
No,14411,Yes,3,4,3,32,32,Research & Development,Research Director,Male,0
No,2308,Yes,3,3,2,12,11,Sales,Sales Representative,Male,0
No,4841,No,3,2,3,4,1,Research & Development,Laboratory Technician,Male,0
No,4285,No,3,4,1,10,10,Research & Development,Research Scientist,Male,0
No,9715,No,3,1,3,9,7,Research & Development,Healthcare Representative,Female,0
No,4320,No,3,2,4,5,5,Research & Development,Manufacturing Director,Male,0
No,2132,No,3,4,4,8,5,Research & Development,Research Scientist,Male,0
No,10124,Yes,1,4,4,24,20,Research & Development,Healthcare Representative,Male,0
No,5473,No,4,1,1,9,8,Sales,Sales Executive,Male,0
No,5207,Yes,3,3,2,15,15,Research & Development,Laboratory Technician,Male,0
No,16437,Yes,3,4,3,21,21,Human Resources,Manager,Male,0
No,2296,No,3,1,3,2,1,Research & Development,Laboratory Technician,Male,0
No,4069,Yes,3,4,4,8,2,Research & Development,Healthcare Representative,Male,0
No,7441,No,3,2,1,10,10,Research & Development,Healthcare Representative,Male,0
No,2430,No,3,3,2,6,5,Sales,Sales Representative,Female,0
No,5878,No,3,2,4,12,7,Research & Development,Research Scientist,Female,0
No,2644,Yes,2,4,3,7,3,Sales,Sales Representative,Male,0
No,6439,No,3,3,3,18,8,Sales,Sales Executive,Female,0
No,2451,No,2,3,3,5,1,Research & Development,Research Scientist,Male,0
No,6392,No,1,1,1,8,2,Sales,Sales Executive,Male,0
Yes,9714,No,3,1,2,10,10,Sales,Sales Executive,Male,1
No,6077,No,3,3,3,10,6,Human Resources,Human Resources,Male,0
No,2450,No,3,1,4,3,3,Research & Development,Laboratory Technician,Male,0
No,9250,No,3,2,3,9,4,Sales,Sales Executive,Male,0
Yes,2074,Yes,3,1,1,1,1,Research & Development,Laboratory Technician,Female,1
Yes,10169,No,3,4,3,34,33,Research & Development,Manufacturing Director,Female,1
Yes,4855,No,3,2,3,7,5,Research & Development,Manufacturing Director,Male,1
No,4087,No,2,1,4,9,6,Research & Development,Research Scientist,Male,0
No,2367,No,2,1,3,10,8,Research & Development,Research Scientist,Female,0
No,2972,No,1,4,1,1,1,Research & Development,Research Scientist,Male,0
No,19586,No,3,4,3,36,36,Sales,Manager,Male,0
No,5484,No,2,4,2,9,2,Research & Development,Research Scientist,Male,0
No,2061,No,3,4,1,1,1,Research & Development,Research Scientist,Female,0
No,9924,No,3,2,3,10,9,Sales,Sales Executive,Male,0
No,4198,No,4,2,2,8,3,Sales,Sales Executive,Female,0
No,6815,No,3,3,2,15,1,Sales,Sales Executive,Female,0
No,4723,Yes,3,1,2,10,10,Research & Development,Laboratory Technician,Male,0
No,6142,Yes,3,3,1,10,5,Research & Development,Healthcare Representative,Female,0
No,8237,No,3,3,4,11,7,Sales,Sales Executive,Male,0
No,8853,No,4,4,1,6,6,Research & Development,Healthcare Representative,Male,0
No,19331,Yes,3,3,3,27,1,Sales,Manager,Male,0
No,2073,No,3,3,4,4,2,Research & Development,Research Scientist,Male,0
No,5562,Yes,3,1,1,9,3,Research & Development,Laboratory Technician,Male,0
No,19613,No,3,4,4,24,1,Research & Development,Manager,Male,0
No,3407,No,2,3,2,10,10,Research & Development,Laboratory Technician,Male,0
No,5063,No,2,3,4,8,8,Research & Development,Healthcare Representative,Male,0
No,4639,No,3,1,4,5,5,Sales,Sales Executive,Female,0
No,4876,No,3,2,4,8,6,Research & Development,Laboratory Technician,Male,0
No,2690,No,2,4,3,1,1,Research & Development,Laboratory Technician,Male,0
No,17567,No,1,1,4,27,26,Sales,Manager,Male,0
Yes,2408,Yes,3,2,3,1,1,Research & Development,Laboratory Technician,Male,1
No,2814,Yes,2,3,2,4,4,Research & Development,Research Scientist,Female,0
No,11245,Yes,3,3,2,32,30,Research & Development,Healthcare Representative,Male,0
No,3312,No,3,4,2,6,3,Research & Development,Research Scientist,Female,0
No,19049,Yes,2,4,2,23,22,Research & Development,Research Director,Female,0
No,2141,No,2,2,2,6,6,Research & Development,Research Scientist,Male,0
No,5769,Yes,3,1,3,10,10,Research & Development,Laboratory Technician,Female,0
No,4385,No,3,1,1,10,10,Sales,Sales Executive,Male,0
No,5332,No,3,1,4,10,5,Sales,Sales Executive,Male,0
No,4663,Yes,3,3,3,7,3,Research & Development,Manufacturing Director,Female,0
No,4724,No,3,4,3,9,9,Research & Development,Manufacturing Director,Male,0
No,3211,No,2,1,3,10,9,Research & Development,Laboratory Technician,Female,0
No,5377,No,3,1,2,10,7,Research & Development,Manufacturing Director,Male,0
No,4066,No,3,1,4,7,7,Research & Development,Laboratory Technician,Male,0
No,5208,No,3,1,2,16,16,Research & Development,Research Scientist,Male,0
No,4877,No,2,1,2,6,5,Research & Development,Manufacturing Director,Female,0
No,3117,No,3,4,3,3,2,Research & Development,Research Scientist,Male,0
Yes,1569,Yes,4,4,2,0,0,Sales,Sales Representative,Female,1
No,19658,No,3,3,4,27,5,Human Resources,Manager,Female,0
No,3069,No,3,3,3,11,10,Research & Development,Laboratory Technician,Male,0
No,10435,No,3,3,1,18,18,Research & Development,Manufacturing Director,Female,0
No,4148,No,3,3,3,15,14,Research & Development,Healthcare Representative,Female,0
No,5768,No,2,3,3,9,4,Research & Development,Manufacturing Director,Male,0
No,5042,No,1,3,1,10,9,Research & Development,Manufacturing Director,Female,0
No,5770,No,3,4,4,10,10,Research & Development,Manufacturing Director,Female,0
No,7756,Yes,4,3,4,10,5,Research & Development,Manufacturing Director,Female,0
Yes,10306,No,3,1,4,15,13,Sales,Sales Executive,Male,1
No,3936,No,1,2,2,8,8,Research & Development,Research Scientist,Female,0
No,7945,Yes,2,4,3,18,4,Research & Development,Manufacturing Director,Female,0
No,5743,Yes,3,4,1,14,10,Human Resources,Human Resources,Male,0
No,15202,No,3,4,3,23,2,Research & Development,Manager,Male,0
Yes,5440,Yes,2,4,1,7,2,Sales,Sales Executive,Male,1
No,3760,Yes,3,4,1,6,6,Research & Development,Research Scientist,Female,0
No,3517,No,3,3,2,5,3,Research & Development,Research Scientist,Female,0
No,2580,No,2,4,4,6,4,Research & Development,Research Scientist,Male,0
Yes,2166,Yes,1,1,1,10,4,Research & Development,Laboratory Technician,Male,1
No,5869,No,3,3,3,8,5,Sales,Sales Executive,Male,0
No,8008,No,3,1,2,9,3,Research & Development,Healthcare Representative,Female,0
No,5206,No,3,3,4,7,7,Research & Development,Manufacturing Director,Male,0
No,5295,No,3,2,4,7,5,Research & Development,Manufacturing Director,Male,0
No,16413,No,3,2,1,27,4,Research & Development,Research Director,Female,0
No,13269,No,3,1,4,19,14,Research & Development,Research Director,Female,0
No,2783,No,3,3,3,2,2,Sales,Sales Representative,Female,0
No,5433,No,3,2,4,11,11,Research & Development,Research Scientist,Female,0
No,2013,No,3,2,1,15,4,Research & Development,Laboratory Technician,Male,0
No,13966,Yes,3,3,3,30,15,Research & Development,Healthcare Representative,Female,0
No,4374,No,3,3,4,4,3,Research & Development,Manufacturing Director,Female,0
No,6842,No,3,1,4,13,5,Research & Development,Healthcare Representative,Male,0
No,17426,No,3,3,2,36,10,Research & Development,Manager,Female,0
No,17603,No,3,3,3,14,14,Research & Development,Research Director,Male,0
Yes,4581,Yes,4,4,4,13,11,Sales,Sales Executive,Male,1
No,4735,No,4,4,4,19,13,Research & Development,Research Scientist,Male,0
No,4187,Yes,2,2,1,10,10,Sales,Sales Executive,Male,0
No,5505,No,3,4,4,6,6,Sales,Sales Executive,Male,0
No,5470,No,2,2,4,10,9,Research & Development,Research Scientist,Male,0
No,5476,No,3,4,1,10,10,Sales,Sales Executive,Female,0
No,2587,Yes,2,1,4,17,2,Research & Development,Laboratory Technician,Female,0
No,2440,No,3,2,4,4,4,Research & Development,Laboratory Technician,Female,0
No,15972,No,3,2,2,29,3,Sales,Manager,Female,0
No,15379,No,3,3,3,23,8,Research & Development,Manager,Male,0
No,7082,Yes,3,3,4,21,2,Sales,Sales Executive,Male,0
No,2728,No,3,1,4,2,2,Sales,Sales Representative,Male,0
No,5368,Yes,3,4,3,7,6,Sales,Sales Executive,Female,0
No,5347,No,2,3,1,10,3,Research & Development,Healthcare Representative,Male,0
No,3195,Yes,3,4,3,8,2,Human Resources,Human Resources,Female,0
Yes,3989,Yes,3,3,4,5,5,Research & Development,Laboratory Technician,Male,1
No,3306,No,2,3,4,7,0,Research & Development,Laboratory Technician,Female,0
No,7005,No,3,4,2,11,4,Research & Development,Healthcare Representative,Male,0
Yes,2655,Yes,3,3,4,19,9,Sales,Sales Representative,Female,1
Yes,1393,No,3,2,4,1,1,Research & Development,Laboratory Technician,Male,1
No,2570,No,3,4,4,7,7,Research & Development,Laboratory Technician,Male,0
No,3537,No,3,2,1,8,4,Research & Development,Research Scientist,Male,0
No,3986,No,4,4,2,15,15,Research & Development,Laboratory Technician,Male,0
No,10883,No,4,4,3,19,1,Research & Development,Healthcare Representative,Male,0
No,2028,No,3,2,2,14,14,Research & Development,Laboratory Technician,Male,0
No,9525,No,2,4,3,6,6,Sales,Sales Executive,Male,0
No,2929,No,3,4,2,10,10,Research & Development,Research Scientist,Female,0
Yes,2275,Yes,3,4,3,3,3,Sales,Sales Representative,Male,1
No,7879,Yes,3,4,3,9,8,Research & Development,Healthcare Representative,Female,0
No,4930,Yes,4,4,1,6,5,Research & Development,Research Scientist,Male,0
No,7847,Yes,3,4,4,10,10,Sales,Sales Executive,Male,0
No,4401,No,3,3,3,5,5,Research & Development,Research Scientist,Male,0
No,9241,No,3,3,4,10,10,Sales,Sales Executive,Male,0
No,2974,No,3,3,4,9,5,Research & Development,Laboratory Technician,Female,0
No,4502,No,2,4,3,17,13,Sales,Sales Representative,Female,0
No,10748,No,2,3,3,25,23,Research & Development,Healthcare Representative,Male,0
Yes,1555,No,3,3,4,1,1,Human Resources,Human Resources,Male,1
Yes,12936,No,1,3,3,25,23,Sales,Sales Executive,Male,1
No,2305,No,4,3,4,3,3,Research & Development,Laboratory Technician,Male,0
No,16704,No,3,2,4,21,21,Research & Development,Research Director,Female,0
No,3433,No,2,3,1,10,5,Research & Development,Research Scientist,Male,0
No,3477,No,4,3,2,6,5,Research & Development,Laboratory Technician,Male,0
No,6430,No,3,2,3,10,3,Human Resources,Human Resources,Male,0
No,6516,Yes,3,1,2,18,1,Research & Development,Manufacturing Director,Female,0
No,3907,No,4,1,2,6,6,Research & Development,Laboratory Technician,Male,0
No,5562,No,3,2,3,19,10,Research & Development,Healthcare Representative,Male,0
No,6883,No,3,3,4,17,7,Research & Development,Manufacturing Director,Male,0
No,2862,No,2,4,2,10,10,Research & Development,Research Scientist,Male,0
No,4978,No,1,2,3,4,1,Sales,Sales Executive,Male,0
No,10368,Yes,2,4,3,13,10,Sales,Sales Executive,Male,0
Yes,6134,Yes,3,1,2,16,2,Sales,Sales Executive,Male,1
Yes,6735,No,3,2,1,10,0,Sales,Sales Executive,Male,1
No,3295,No,1,2,3,3,3,Research & Development,Laboratory Technician,Female,0
No,5238,No,2,4,4,9,5,Research & Development,Manufacturing Director,Female,0
No,6472,Yes,3,4,4,9,9,Research & Development,Laboratory Technician,Male,0
No,9610,No,1,3,4,10,4,Sales,Sales Executive,Male,0
No,19833,No,2,2,2,21,21,Sales,Manager,Male,0
No,9756,No,4,3,3,9,5,Human Resources,Human Resources,Female,0
No,4968,No,3,1,4,10,9,Research & Development,Research Scientist,Female,0
No,2145,No,3,4,1,3,2,Human Resources,Human Resources,Male,0
Yes,2180,No,2,4,3,6,4,Human Resources,Human Resources,Female,1
No,8346,No,3,3,1,6,5,Sales,Sales Executive,Male,0
No,3445,No,2,4,3,6,6,Research & Development,Research Scientist,Female,0
Yes,2760,No,3,2,2,2,2,Sales,Sales Representative,Female,1
No,6294,Yes,4,3,4,10,3,Research & Development,Healthcare Representative,Male,0
No,7140,No,3,1,3,12,7,Sales,Sales Executive,Male,0
No,2932,Yes,3,4,4,6,5,Research & Development,Research Scientist,Male,0
No,5147,No,2,2,4,13,11,Sales,Sales Executive,Female,0
No,4507,No,4,4,4,8,5,Sales,Sales Executive,Female,0
Yes,8564,Yes,2,1,1,11,0,Sales,Sales Executive,Female,1
No,2468,No,2,2,3,9,6,Research & Development,Laboratory Technician,Female,0
Yes,8161,No,3,3,1,10,1,Sales,Sales Executive,Male,1
No,2109,No,3,1,4,1,1,Research & Development,Research Scientist,Female,0
No,5294,No,3,3,3,10,7,Research & Development,Healthcare Representative,Male,0
No,2718,No,3,2,2,12,7,Research & Development,Research Scientist,Male,0
No,5811,Yes,3,4,2,15,1,Research & Development,Healthcare Representative,Male,0
Yes,2437,Yes,3,3,3,6,1,Research & Development,Research Scientist,Male,1
No,2766,No,2,2,2,7,5,Research & Development,Laboratory Technician,Male,0
No,19038,No,3,1,3,34,1,Research & Development,Research Director,Male,0
No,3055,No,2,2,4,11,9,Research & Development,Research Scientist,Male,0
No,2289,No,3,1,3,5,5,Research & Development,Laboratory Technician,Male,0
No,4001,Yes,3,3,4,15,15,Sales,Sales Executive,Male,0
No,12965,Yes,2,3,1,27,3,Research & Development,Manufacturing Director,Female,0
No,3539,No,3,4,2,10,9,Human Resources,Human Resources,Male,0
No,6029,No,3,4,4,6,2,Sales,Sales Executive,Female,0
Yes,2679,No,3,2,2,1,1,Sales,Sales Representative,Male,1
No,3702,No,3,3,4,5,5,Research & Development,Laboratory Technician,Female,0
Yes,2398,Yes,3,1,3,1,1,Research & Development,Laboratory Technician,Female,1
No,5468,No,3,4,1,13,12,Sales,Sales Executive,Female,0
No,13116,No,3,3,1,15,2,Research & Development,Manager,Female,0
No,4189,No,3,2,2,5,5,Sales,Sales Executive,Male,0
No,19328,Yes,3,4,3,24,2,Research & Development,Research Director,Male,0
No,8321,Yes,3,1,4,15,12,Research & Development,Healthcare Representative,Male,0
Yes,2342,Yes,2,2,3,6,5,Research & Development,Research Scientist,Male,1
No,4071,No,2,2,3,19,10,Human Resources,Human Resources,Male,0
Yes,5813,Yes,3,4,3,10,10,Sales,Sales Executive,Male,1
No,3143,No,3,1,4,14,10,Research & Development,Research Scientist,Male,0
No,2044,No,4,4,3,5,5,Research & Development,Research Scientist,Male,0
No,13464,No,3,3,3,9,4,Research & Development,Research Director,Male,0
No,7991,No,3,2,2,6,2,Sales,Sales Executive,Male,0
No,3377,No,2,1,3,7,4,Research & Development,Laboratory Technician,Female,0
No,5538,No,2,1,2,10,0,Research & Development,Healthcare Representative,Male,0
No,5762,No,3,4,2,15,7,Research & Development,Manufacturing Director,Male,0
No,2592,No,3,2,1,13,11,Human Resources,Human Resources,Male,0
Yes,5346,No,2,1,4,11,7,Research & Development,Laboratory Technician,Male,1
Yes,4213,No,1,1,4,10,10,Research & Development,Manufacturing Director,Male,1
No,4127,No,3,4,3,7,2,Sales,Sales Executive,Male,0
No,2438,No,2,3,1,7,3,Research & Development,Research Scientist,Male,0
No,6870,No,1,2,2,11,3,Research & Development,Healthcare Representative,Male,0
No,10447,Yes,4,3,3,23,22,Sales,Sales Executive,Female,0
No,9667,No,3,3,1,9,7,Research & Development,Manufacturing Director,Female,0
Yes,2148,Yes,3,2,4,6,5,Human Resources,Human Resources,Female,1
Yes,8926,No,4,2,4,13,9,Research & Development,Healthcare Representative,Female,1
No,6513,No,3,4,3,12,5,Research & Development,Healthcare Representative,Female,0
No,6799,No,3,3,2,10,10,Sales,Sales Executive,Male,0
No,16291,No,2,2,2,37,16,Sales,Manager,Male,0
No,2705,No,4,3,2,6,5,Research & Development,Laboratory Technician,Male,0
No,10333,Yes,3,2,3,28,22,Research & Development,Manufacturing Director,Female,0
No,4448,No,3,1,2,15,7,Research & Development,Healthcare Representative,Female,0
No,6854,No,2,4,4,14,7,Research & Development,Research Scientist,Female,0
No,9637,No,3,1,1,9,3,Sales,Sales Executive,Female,0
No,3591,No,3,1,3,3,3,Research & Development,Research Scientist,Female,0
No,5405,Yes,2,4,2,20,4,Sales,Sales Representative,Female,0
No,4684,No,3,4,3,5,5,Sales,Sales Executive,Male,0
No,15787,Yes,3,3,1,23,2,Research & Development,Research Director,Male,0
No,1514,No,1,3,2,0,0,Research & Development,Research Scientist,Female,0
Yes,2956,No,3,1,4,2,1,Human Resources,Human Resources,Male,1
Yes,2335,Yes,3,1,1,4,2,Human Resources,Human Resources,Male,1
No,5154,No,4,3,3,10,8,Sales,Sales Executive,Female,0
No,6962,Yes,3,2,4,15,1,Research & Development,Research Scientist,Female,0
No,5675,No,3,4,1,7,7,Sales,Sales Executive,Male,0
No,2379,Yes,2,4,4,6,5,Research & Development,Laboratory Technician,Female,0
No,3812,No,4,4,4,11,11,Research & Development,Laboratory Technician,Male,0
No,4648,No,4,4,4,4,0,Sales,Sales Executive,Male,0
No,2936,No,2,3,3,10,6,Research & Development,Research Scientist,Male,0
No,2105,No,3,3,2,7,2,Research & Development,Laboratory Technician,Female,0
No,8578,No,2,4,4,12,9,Research & Development,Manufacturing Director,Male,0
No,2706,No,3,4,3,3,3,Human Resources,Human Resources,Male,0
No,6384,No,3,3,4,11,7,Research & Development,Healthcare Representative,Male,0
No,3968,No,3,3,4,8,0,Research & Development,Laboratory Technician,Male,0
Yes,9907,Yes,2,2,3,7,2,Sales,Sales Executive,Male,1
No,13225,No,3,1,1,25,19,Sales,Sales Executive,Female,0
No,3540,No,3,3,2,9,9,Sales,Sales Representative,Female,0
No,2804,No,3,2,4,1,1,Human Resources,Human Resources,Male,0
No,19392,No,3,3,1,21,16,Research & Development,Manager,Female,0
No,19665,No,3,2,4,29,22,Research & Development,Research Director,Male,0
Yes,2439,Yes,2,4,4,1,1,Research & Development,Research Scientist,Male,1
Yes,7314,No,3,2,3,14,8,Sales,Sales Executive,Female,1
No,4774,No,2,1,4,8,7,Research & Development,Research Scientist,Female,0
No,3902,No,3,4,4,7,2,Research & Development,Research Scientist,Male,0
No,2662,No,4,4,2,19,5,Research & Development,Research Scientist,Male,0
No,2856,No,3,2,2,1,1,Sales,Sales Representative,Female,0
Yes,1081,No,2,4,2,1,1,Sales,Sales Representative,Male,1
Yes,2472,Yes,3,2,4,1,1,Research & Development,Research Scientist,Male,1
No,5673,Yes,3,3,2,10,10,Sales,Sales Executive,Female,0
No,4197,No,3,3,2,10,10,Research & Development,Laboratory Technician,Male,0
No,9713,Yes,3,4,3,9,5,Sales,Sales Executive,Male,0
No,2062,No,3,1,4,11,3,Research & Development,Laboratory Technician,Male,0
No,4284,Yes,3,1,4,16,5,Research & Development,Research Scientist,Male,0
No,4788,Yes,3,2,4,4,3,Research & Development,Manufacturing Director,Female,0
No,5906,No,2,4,2,10,9,Research & Development,Manufacturing Director,Female,0
No,3886,No,2,4,2,10,10,Human Resources,Human Resources,Male,0
No,16823,No,3,1,1,22,19,Research & Development,Manager,Male,0
No,2933,Yes,2,3,2,1,1,Research & Development,Research Scientist,Female,0
No,6500,No,2,3,1,9,8,Sales,Sales Executive,Female,0
No,17174,No,3,4,4,24,22,Research & Development,Manager,Female,0
No,5033,No,3,1,2,10,2,Research & Development,Healthcare Representative,Male,0
Yes,2307,Yes,3,1,4,5,5,Research & Development,Research Scientist,Male,1
Yes,2587,No,3,4,1,5,4,Research & Development,Laboratory Technician,Male,1
No,5507,No,1,2,3,12,4,Sales,Sales Executive,Male,0
No,4393,No,3,2,3,14,5,Sales,Sales Executive,Female,0
No,13348,No,4,1,3,18,13,Research & Development,Research Director,Male,0
No,6583,Yes,3,4,3,8,5,Sales,Sales Executive,Female,0
No,8103,Yes,2,4,4,9,4,Sales,Sales Executive,Female,0
No,3978,No,2,3,1,4,2,Research & Development,Laboratory Technician,Female,0
No,2544,No,3,4,3,8,7,Research & Development,Laboratory Technician,Male,0
No,5399,No,3,3,2,12,4,Research & Development,Healthcare Representative,Male,0
No,5487,No,2,3,2,10,10,Sales,Sales Executive,Male,0
No,6834,Yes,3,4,3,7,7,Sales,Sales Executive,Male,0
Yes,1091,No,3,1,3,1,1,Sales,Sales Representative,Male,1
No,5736,No,3,3,1,10,3,Sales,Sales Executive,Female,0
No,2226,No,2,2,2,6,5,Research & Development,Research Scientist,Male,0
No,5747,Yes,3,4,3,16,15,Research & Development,Research Scientist,Male,0
Yes,9854,Yes,3,3,4,6,2,Sales,Sales Executive,Female,1
No,5467,No,4,2,3,16,8,Research & Development,Research Scientist,Male,0
No,5380,No,3,1,4,6,0,Sales,Sales Executive,Female,0
No,5151,No,3,1,1,10,10,Research & Development,Manufacturing Director,Male,0
No,2133,Yes,3,2,4,20,20,Research & Development,Research Scientist,Female,0
No,17875,Yes,2,4,4,29,1,Sales,Manager,Female,0
Yes,2432,Yes,3,3,1,8,4,Research & Development,Research Scientist,Female,1
No,4771,No,4,4,2,10,5,Research & Development,Research Scientist,Male,0
No,19161,No,3,4,2,28,5,Research & Development,Research Director,Male,0
No,5087,Yes,3,4,2,14,0,Sales,Sales Executive,Male,0
Yes,2863,No,3,2,1,1,1,Human Resources,Human Resources,Female,1
No,5561,No,1,1,2,6,5,Sales,Sales Executive,Male,0
No,2144,No,2,3,3,5,5,Research & Development,Research Scientist,Male,0
No,3065,Yes,4,1,3,4,4,Research & Development,Research Scientist,Male,0
No,2810,No,3,2,1,5,5,Research & Development,Laboratory Technician,Male,0
No,9888,No,2,4,1,14,14,Sales,Sales Executive,Male,0
No,8628,No,2,3,4,9,8,Sales,Sales Executive,Male,0
No,2867,No,2,1,3,8,7,Research & Development,Laboratory Technician,Male,0
No,5373,No,2,1,1,6,5,Research & Development,Healthcare Representative,Male,0
No,6667,No,3,4,3,9,5,Research & Development,Healthcare Representative,Female,0
No,5003,No,3,1,4,10,10,Research & Development,Research Scientist,Male,0
Yes,2367,No,2,4,3,6,4,Research & Development,Laboratory Technician,Male,1
No,2858,No,2,1,1,20,1,Sales,Sales Representative,Male,0
No,5204,Yes,3,4,3,10,10,Sales,Sales Executive,Female,0
No,4105,No,3,4,4,7,7,Sales,Sales Executive,Male,0
No,9679,No,3,4,4,8,1,Research & Development,Manufacturing Director,Male,0
Yes,5617,Yes,3,4,1,10,10,Sales,Sales Executive,Male,1
Yes,10448,Yes,2,1,1,15,2,Sales,Sales Executive,Male,1
No,2897,No,2,3,1,9,4,Research & Development,Research Scientist,Female,0
No,5968,No,3,3,4,9,9,Research & Development,Healthcare Representative,Male,0
No,7510,No,3,3,1,10,10,Research & Development,Healthcare Representative,Male,0
No,2991,Yes,3,2,4,7,6,Human Resources,Human Resources,Male,0
No,19636,Yes,3,2,3,35,10,Human Resources,Manager,Male,0
No,1129,Yes,3,4,4,1,1,Research & Development,Laboratory Technician,Female,0
No,13341,No,3,1,2,21,20,Sales,Sales Executive,Male,0
No,4332,No,3,3,4,20,20,Research & Development,Research Scientist,Male,0
No,11031,No,4,3,3,13,11,Research & Development,Research Director,Female,0
No,4440,Yes,3,1,3,9,5,Research & Development,Manufacturing Director,Female,0
No,4617,No,2,3,2,4,4,Research & Development,Healthcare Representative,Male,0
No,2647,No,4,4,4,5,5,Research & Development,Laboratory Technician,Male,0
No,6323,No,4,3,4,10,10,Research & Development,Laboratory Technician,Female,0
No,5677,No,3,2,2,15,11,Sales,Sales Executive,Female,0
No,2187,No,3,2,3,6,2,Human Resources,Human Resources,Female,0
No,3748,No,2,2,4,12,12,Research & Development,Laboratory Technician,Male,0
No,3977,Yes,2,3,4,7,2,Research & Development,Laboratory Technician,Male,0
No,8633,No,3,3,1,25,17,Research & Development,Healthcare Representative,Male,0
No,2008,No,2,3,2,1,1,Research & Development,Laboratory Technician,Male,0
No,4440,No,3,2,4,16,15,Sales,Sales Executive,Male,0
No,3067,No,3,3,1,3,2,Sales,Sales Representative,Male,0
No,5321,No,3,3,1,10,8,Research & Development,Manufacturing Director,Male,0
No,5410,Yes,2,1,4,9,4,Research & Development,Research Scientist,Male,0
No,2782,No,3,4,4,12,5,Research & Development,Research Scientist,Male,0
No,11957,No,1,2,3,14,13,Research & Development,Research Director,Female,0
No,2660,Yes,3,3,4,5,2,Research & Development,Laboratory Technician,Male,0
No,3375,No,4,3,4,4,3,Research & Development,Research Scientist,Male,0
No,5098,No,3,3,2,10,10,Research & Development,Research Scientist,Male,0
No,4878,Yes,3,4,2,10,9,Research & Development,Healthcare Representative,Female,0
No,2837,No,3,2,3,6,6,Research & Development,Laboratory Technician,Female,0
No,2406,No,2,4,1,8,1,Research & Development,Laboratory Technician,Male,0
No,2269,No,3,2,2,3,2,Sales,Sales Representative,Male,0
No,4108,No,3,4,1,18,7,Research & Development,Research Scientist,Male,0
No,13206,No,3,3,2,20,18,Research & Development,Research Director,Female,0
No,10422,No,3,4,3,14,14,Sales,Sales Executive,Female,0
No,13744,Yes,3,4,3,16,16,Research & Development,Research Director,Female,0
No,4907,Yes,2,3,1,6,5,Sales,Sales Executive,Female,0
No,3482,No,2,4,1,16,9,Sales,Sales Representative,Male,0
No,2436,Yes,3,4,2,6,4,Research & Development,Research Scientist,Male,0
No,2380,Yes,3,1,3,2,2,Sales,Sales Representative,Male,0
No,19431,No,2,4,4,21,6,Research & Development,Manager,Male,0
Yes,1790,No,2,1,4,1,1,Sales,Sales Representative,Male,1
No,7644,No,3,4,1,10,9,Sales,Sales Executive,Female,0
No,5131,No,3,2,4,18,4,Research & Development,Manufacturing Director,Female,0
No,6306,No,2,3,3,13,13,Research & Development,Healthcare Representative,Male,0
Yes,4787,Yes,4,4,1,4,2,Research & Development,Research Scientist,Male,1
No,18880,No,2,3,1,24,22,Research & Development,Manager,Male,0
Yes,2339,No,1,3,4,14,10,Research & Development,Laboratory Technician,Male,1
No,13570,No,3,2,1,21,20,Research & Development,Manufacturing Director,Female,0
No,6712,No,3,3,4,8,8,Sales,Sales Executive,Female,0
No,5406,No,2,4,4,15,15,Sales,Sales Executive,Male,0
No,8938,No,3,2,3,14,5,Sales,Sales Executive,Male,0
No,2439,No,3,1,4,4,4,Research & Development,Research Scientist,Male,0
No,8837,Yes,3,4,3,9,9,Human Resources,Human Resources,Female,0
No,5343,No,3,4,1,10,10,Sales,Sales Executive,Female,0
Yes,6728,No,3,3,2,12,6,Sales,Sales Executive,Male,1
No,6652,No,2,4,2,8,6,Sales,Sales Executive,Female,0
No,4850,No,3,3,4,8,5,Sales,Sales Executive,Female,0
No,2809,No,3,3,3,8,2,Research & Development,Research Scientist,Male,0
No,5689,Yes,4,3,3,10,10,Research & Development,Healthcare Representative,Male,0
No,2001,No,3,3,3,20,5,Research & Development,Research Scientist,Female,0
No,2977,No,3,4,3,4,4,Research & Development,Research Scientist,Female,0
No,4025,Yes,3,2,4,10,4,Research & Development,Laboratory Technician,Male,0
No,3785,No,1,1,4,5,5,Research & Development,Research Scientist,Female,0
Yes,10854,Yes,3,1,4,20,3,Sales,Sales Executive,Male,1
No,12031,No,2,4,2,21,20,Sales,Sales Executive,Female,0
No,9936,No,3,1,2,10,9,Research & Development,Manufacturing Director,Male,0
No,2966,No,3,3,4,5,4,Sales,Sales Representative,Female,0
No,2571,No,3,4,3,17,5,Research & Development,Laboratory Technician,Male,0
No,9991,No,3,1,4,9,7,Research & Development,Healthcare Representative,Male,0
No,6142,Yes,3,2,2,6,6,Research & Development,Manufacturing Director,Male,0
No,5390,No,2,2,4,17,9,Sales,Sales Executive,Male,0
No,4404,No,4,3,2,6,4,Research & Development,Laboratory Technician,Male,0
